expnum,image_fname,plver,ML_reason,alex_badexp,alex_reason,frank_badexp,frank_reason,yufeng_badexp,yufeng_reason
137380,c4d_121001_062046_ooi_g_ls11,V5.5LS,NObjects,True,something in the flat? pretty weird,False,,True,transparency
137389,c4d_121001_064632_ooi_z_ls11,V5.5LS,NObjects,True,,False,,True,transparency
137399,c4d_121001_070453_ooi_g_ls11,V5.5LS,Clouds_transparency,True,,False,,True,transparency
138007,c4d_121003_030521_ooi_r_ls11,V5.5LS,Out_of_focus,True,saturation,False,,True,bad ccd
138035,c4d_121003_034911_ooi_r_ls11,V5.5LS,Out_of_focus,True,saturation,False,,True,bad ccd
138036,c4d_121003_035100_ooi_r_ls11,V5.5LS,Out_of_focus,True,saturation,False,,True,bad ccd
138041,c4d_121003_035700_ooi_r_ls11,V5.5LS,Out_of_focus,True,saturation,False,,True,bad ccd
138042,c4d_121003_035843_ooi_r_ls11,V5.5LS,Out_of_focus,True,saturation,False,,True,bad ccd
138063,c4d_121003_043023_ooi_r_ls11,V5.5LS,PSF,True,saturation,False,,True,
138069,c4d_121003_044136_ooi_r_ls11,V5.5LS,Out_of_focus,True,saturation,False,,True,
138091,c4d_121003_053603_ooi_r_ls11,V5.5LS,Nonoptimal_exp,True,saturation,False,,True,
138094,c4d_121003_054130_ooi_r_ls11,V5.5LS,Out_of_focus,True,saturation,False,,True,
139923,c4d_121018_064525_ooi_r_ls11,V5.5LS,PSF,True,flat field,False,,True,
139924,c4d_121018_064637_ooi_r_ls11,V5.5LS,PSF,True,flat field,False,,True,
139925,c4d_121018_064747_ooi_r_ls11,V5.5LS,PSF,True,flat field,False,,True,
139926,c4d_121018_065039_ooi_g_ls11,V5.5LS,"Bad_CCD,Noise",True,flat field,False,,True,
139927,c4d_121018_065138_ooi_g_ls11,V5.5LS,"Bad_CCD,Noise",True,flat field,False,,True,
145858,c4d_121103_002038_ooi_r_v1,V5.5LS,PSF,False,,False,,True,strike pattern
170433,c4d_130119_083921_ooi_g_ls11,V5.5LS,"Noise,Telescope_Moving",True,telescope moving,False,,True,
192611,c4d_130331_073413_ooi_z_ls11,V5.5LS,Nonoptimal_exp,True,transparency,False,,True,
192614,c4d_130331_074127_ooi_z_ls11,V5.5LS,Saturated,True,transparency,False,,True,
192616,c4d_130331_074543_ooi_z_ls11,V5.5LS,Saturated,True,transparency,False,,True,
192797,c4d_130401_023028_ooi_z_ls11,V5.5LS,Noise,True,flat field,False,,False,
193705,c4d_130403_073306_ooi_z_ls11,V5.5LS,Noise,True,flat field,False,,False,
197537,c4d_130416_060636_ooi_r_ls11,V5.5LS,PSF,False,,False,,True,scattered light
197538,c4d_130416_061037_ooi_r_ls11,V5.5LS,PSF,False,,False,,True,scattered light
197630,c4d_130416_091400_ooi_r_ls11,V5.5LS,Ghost_Scatter,False,,False,,True,scattered light
197642,c4d_130416_093200_ooi_r_ls11,V5.5LS,Ghost_Scatter,False,,False,,True,scattered light
197893,c4d_130417_015509_ooi_r_ls11,V5.5LS,"Ghost_Scatter,PSF",True,processing,False,,True,bad ccd
198226,c4d_130417_102549_ooi_r_ls11,V5.5LS,Clouds_transparency,True,processing,False,,True,bad ccd
198686,c4d_130418_090332_ooi_r_ls11,V5.5LS,Ghost_Scatter,False,,False,,True,scattered light
198687,c4d_130418_090502_ooi_r_ls11,V5.5LS,Ghost_Scatter,False,,False,,True,scattered light
198688,c4d_130418_090643_ooi_r_ls11,V5.5LS,Ghost_Scatter,False,,False,,True,scattered light
198698,c4d_130418_092150_ooi_r_ls11,V5.5LS,Ghost_Scatter,False,,False,,True,"scattered light, strike"
201060,c4d_130423_053428_ooi_z_ls11,V5.5LS,Clouds_transparency,True,transparency,False,,True,cloud
201061,c4d_130423_053526_ooi_z_ls11,V5.5LS,Clouds_transparency,True,transparency,False,,True,
201062,c4d_130423_053623_ooi_z_ls11,V5.5LS,Clouds_transparency,True,transparency,False,,True,
202048,c4d_130427_051414_ooi_r_ls11,V5.5LS,Clouds_transparency,True,transparency; scattered light,False,,True,
202050,c4d_130427_052510_ooi_r_ls11,V5.5LS,Clouds_transparency,True,transparency; scattered light,False,,True,
202051,c4d_130427_053038_ooi_r_ls11,V5.5LS,Clouds_transparency,True,transparency; scattered light,False,,True,
206771,c4d_130530_104154_ooi_r_ls11,V5.5LS,Clouds_transparency,True,transparency,False,,True,cloud
210421,c4d_130609_230213_ooi_r_ls11,V5.5LS,"Clouds_transparency,Ghost_Scatter",True,transparency (also NGC5904),False,,True,cloud
210432,c4d_130609_231137_ooi_r_ls11,V5.5LS,Clouds_transparency,True,transparency,False,,True,cloud
210454,c4d_130609_233342_ooi_r_ls11,V5.5LS,PSF,True,transparency,False,,True,cloud
211943,c4d_130612_232204_ooi_g_ls11,V5.5LS,Clouds_transparency,True,transparency,False,,True,cloud
211944,c4d_130612_232554_ooi_g_ls11,V5.5LS,Clouds_transparency,True,transparency,False,,True,cloud
211945,c4d_130612_232943_ooi_g_ls11,V5.5LS,Clouds_transparency,True,transparency,False,,True,cloud
212388,c4d_130614_050326_ooi_g_ls11,V5.5LS,Ghost_Scatter,True,transparency,False,,True,cloud
212395,c4d_130614_052757_ooi_r_ls11,V5.5LS,Clouds_transparency,True,transparency,False,,True,cloud
222598,c4d_130802_081955_ooi_z_ls11,V5.5LS,Out_of_focus,True,flat field; sky background (neptune?),False,,False,
222600,c4d_130802_082338_ooi_z_ls11,V5.5LS,Out_of_focus,True,flat field; sky background (neptune?),False,,False,
222620,c4d_130802_085614_ooi_z_ls11,V5.5LS,"Clouds_transparency,Out_of_focus",True,flat field; sky background (neptune?),False,,False,
222621,c4d_130802_085712_ooi_z_ls11,V5.5LS,"Clouds_transparency,Out_of_focus",True,flat field; sky background (neptune?),False,,False,
222622,c4d_130802_085810_ooi_z_ls11,V5.5LS,"Clouds_transparency,Out_of_focus",True,flat field; sky background (neptune?),False,,False,
222624,c4d_130802_090234_ooi_z_ls11,V5.5LS,"Nonoptimal_exp,Out_of_focus",True,flat field; sky background (neptune?),False,,False,
224280,c4d_130807_080152_ooi_r_ls11,V5.5LS,Clouds_transparency,True,flat field; sky background (neptune?),False,,True,
224281,c4d_130807_080543_ooi_r_ls11,V5.5LS,Clouds_transparency,True,flat field; sky background (neptune?),False,,True,
224284,c4d_130807_085342_ooi_r_ls11,V5.5LS,Clouds_transparency,True,flat field; sky background (neptune?),False,,True,
224285,c4d_130807_085730_ooi_r_ls11,V5.5LS,Clouds_transparency,True,flat field; sky background (neptune?),False,,True,
224286,c4d_130807_090119_ooi_r_ls11,V5.5LS,Clouds_transparency,True,flat field; sky background (neptune?),False,,True,
224288,c4d_130807_091244_ooi_r_ls11,V5.5LS,Clouds_transparency,True,flat field; sky background (neptune?),False,,True,
224652,c4d_130808_090239_ooi_r_ls11,V5.5LS,Clouds_transparency,False,,False,,True,trail
225040,c4d_130809_231511_ooi_g_ls11,V5.5LS,Clouds_transparency,True,flat field,False,,True,
225078,c4d_130810_011230_ooi_g_ls11,V5.5LS,Ghost_Scatter,False,,False,,True,
225079,c4d_130810_011727_ooi_g_ls11,V5.5LS,Ghost_Scatter,False,,False,,True,
225080,c4d_130810_012224_ooi_g_ls11,V5.5LS,Ghost_Scatter,False,,False,,True,
225642,c4d_130812_000432_ooi_r_ls11,V5.5LS,PSF,False,,False,,True,"ghost, scattered light"
229108,c4d_130831_082603_ooi_i_ls11,V5.5LS,NObjects,True,transparency,False,,True,cloud
229690,c4d_130902_062530_ooi_g_ls9,V4.8.2a,PSF,False,,False,,True,scattered light
230048,c4d_130903_020344_ooi_g_ls9,V4.8.2a,Telescope_Moving,False,,False,,True,ghost
233560,c4d_130913_055355_ooi_r_ls9,V4.8.2a,Ghost_Scatter,False,,False,,True,trail
234289,c4d_130915_034729_ooi_Y_ls11,V5.5LS,Clouds_transparency,False,,False,,True,
234298,c4d_130915_035915_ooi_Y_ls11,V5.5LS,Clouds_transparency,False,,False,,True,
234302,c4d_130915_040439_ooi_Y_ls11,V5.5LS,Clouds_transparency,False,,False,,True,
234309,c4d_130915_041340_ooi_Y_ls11,V5.5LS,Clouds_transparency,False,,False,,True,
234311,c4d_130915_041613_ooi_Y_ls11,V5.5LS,Clouds_transparency,False,,False,,True,
234322,c4d_130915_043035_ooi_Y_ls11,V5.5LS,Clouds_transparency,False,,False,,True,
234323,c4d_130915_043202_ooi_Y_ls11,V5.5LS,Clouds_transparency,False,,False,,True,
234325,c4d_130915_043443_ooi_Y_ls11,V5.5LS,Clouds_transparency,False,,False,,True,
234366,c4d_130915_052835_ooi_Y_ls11,V5.5LS,Clouds_transparency,False,,False,,True,
234376,c4d_130915_054205_ooi_Y_ls11,V5.5LS,Clouds_transparency,False,,False,,True,
234924,c4d_130916_074417_ooi_Y_ls11,V5.5LS,Clouds_transparency,False,,False,,True,
234925,c4d_130916_074534_ooi_Y_ls11,V5.5LS,Clouds_transparency,False,,False,,True,
234929,c4d_130916_075044_ooi_Y_ls11,V5.5LS,Clouds_transparency,False,,False,,True,
234930,c4d_130916_075157_ooi_Y_ls11,V5.5LS,Clouds_transparency,False,,False,,True,
235192,c4d_130917_011117_ooi_Y_ls11,V5.5LS,"Clouds_transparency,Out_of_focus",False,,False,,True,
235193,c4d_130917_011235_ooi_Y_ls11,V5.5LS,"Clouds_transparency,Out_of_focus",False,,False,,True,
235209,c4d_130917_013417_ooi_Y_ls11,V5.5LS,Clouds_transparency,False,,False,,True,
235210,c4d_130917_013532_ooi_Y_ls11,V5.5LS,"Clouds_transparency,Out_of_focus",False,,False,,True,
235212,c4d_130917_013803_ooi_Y_ls11,V5.5LS,"Clouds_transparency,Out_of_focus",False,,False,,True,
235260,c4d_130917_030245_ooi_Y_ls11,V5.5LS,Clouds_transparency,True,pupil,False,,True,
235276,c4d_130917_033044_ooi_Y_ls11,V5.5LS,Clouds_transparency,False,,False,,True,
235279,c4d_130917_033457_ooi_Y_ls11,V5.5LS,Clouds_transparency,False,,False,,True,
235282,c4d_130917_034233_ooi_Y_ls11,V5.5LS,Clouds_transparency,False,,False,,True,
235283,c4d_130917_034347_ooi_Y_ls11,V5.5LS,Clouds_transparency,False,,False,,True,
235285,c4d_130917_034618_ooi_Y_ls11,V5.5LS,Clouds_transparency,False,,False,,True,
235286,c4d_130917_034735_ooi_Y_ls11,V5.5LS,Clouds_transparency,False,,False,,True,
235287,c4d_130917_034848_ooi_Y_ls11,V5.5LS,Clouds_transparency,False,,False,,True,
235288,c4d_130917_035007_ooi_Y_ls11,V5.5LS,Clouds_transparency,False,,False,,True,
235289,c4d_130917_035214_ooi_Y_ls11,V5.5LS,Clouds_transparency,False,,False,,True,
235292,c4d_130917_035748_ooi_Y_ls11,V5.5LS,Clouds_transparency,False,,False,,True,
235293,c4d_130917_040012_ooi_Y_ls11,V5.5LS,Clouds_transparency,False,,False,,True,
235294,c4d_130917_040145_ooi_Y_ls11,V5.5LS,Clouds_transparency,False,,False,,True,
235295,c4d_130917_040303_ooi_Y_ls11,V5.5LS,Clouds_transparency,False,,False,,True,
235296,c4d_130917_040416_ooi_Y_ls11,V5.5LS,Clouds_transparency,False,,False,,True,
235297,c4d_130917_040530_ooi_Y_ls11,V5.5LS,Clouds_transparency,False,,False,,True,
235298,c4d_130917_040643_ooi_Y_ls11,V5.5LS,Clouds_transparency,False,,False,,True,
235301,c4d_130917_041105_ooi_Y_ls11,V5.5LS,Clouds_transparency,False,,False,,True,
235302,c4d_130917_041219_ooi_Y_ls11,V5.5LS,Clouds_transparency,False,,False,,True,
235303,c4d_130917_041337_ooi_Y_ls11,V5.5LS,Clouds_transparency,False,,False,,True,
235304,c4d_130917_041735_ooi_Y_ls11,V5.5LS,Clouds_transparency,False,,False,,True,
235305,c4d_130917_041915_ooi_Y_ls11,V5.5LS,Clouds_transparency,False,,False,,True,
235308,c4d_130917_042258_ooi_Y_ls11,V5.5LS,Clouds_transparency,False,,False,,True,
235309,c4d_130917_042415_ooi_Y_ls11,V5.5LS,Clouds_transparency,False,,False,,True,
235312,c4d_130917_042804_ooi_Y_ls11,V5.5LS,Clouds_transparency,False,,False,,True,
235315,c4d_130917_043205_ooi_Y_ls11,V5.5LS,Clouds_transparency,False,,False,,True,
235349,c4d_130917_061228_ooi_Y_ls11,V5.5LS,Clouds_transparency,False,,False,,True,
235350,c4d_130917_061343_ooi_Y_ls11,V5.5LS,"Clouds_transparency,Nonoptimal_exp",False,,False,,True,
235354,c4d_130917_061907_ooi_Y_ls11,V5.5LS,Clouds_transparency,False,,False,,True,
237225,c4d_130922_032612_ooi_Y_ls11,V5.5LS,Out_of_focus,False,,False,,True,"cloud, scattered light"
240501,c4d_131002_032202_ooi_g_ls9,V4.8.2a,PSF,False,,False,,True,"ghost, scattered light"
241125,c4d_131004_044740_ooi_g_ls9,V4.8.2a,PSF,False,,False,,True,ghost
243051,c4d_131012_005557_ooi_z_ls9,V4.8.2a,Noise,True,pupil,False,,False,
243069,c4d_131012_013118_ooi_z_ls9,V4.8.2a,Noise,True,pupil,False,,False,
243071,c4d_131012_013514_ooi_z_ls9,V4.8.2a,Noise,True,pupil,False,,False,
243168,c4d_131012_045653_ooi_z_ls9,V4.8.2a,Noise,True,pupil,False,,False,
243455,c4d_131013_004359_ooi_z_ls9,V4.8.2a,Noise,True,pupil,False,,False,
243462,c4d_131013_005829_ooi_z_ls9,V4.8.2a,Noise,True,pupil,False,,False,
243476,c4d_131013_012702_ooi_z_ls9,V4.8.2a,Noise,True,pupil,False,,False,
243887,c4d_131014_020209_ooi_z_ls9,V4.8.2a,Noise,True,pupil,False,,False,
243890,c4d_131014_020829_ooi_z_ls9,V4.8.2a,Noise,True,pupil,False,,False,
243893,c4d_131014_021502_ooi_z_ls9,V4.8.2a,Noise,True,pupil,False,,False,
243896,c4d_131014_022113_ooi_z_ls9,V4.8.2a,Noise,True,pupil,False,,False,
246815,c4d_131026_003953_ooi_g_ls9,V4.8.2a,"Nonoptimal_exp,PSF",False,,False,,True,scattered light
246824,c4d_131026_005842_ooi_g_ls9,V4.8.2a,PSF,False,,False,,True,ghost
246881,c4d_131026_032830_ooi_g_ls9,V4.8.2a,PSF,False,,False,,True,ghost
246901,c4d_131026_041815_ooi_r_ls9,V4.8.2a,PSF,True,saturation,False,,False,
247989,c4d_131029_043324_ooi_g_ls9,V4.8.2a,"Ghost_Scatter,PSF",False,,False,,True,"ghost, strike"
250013,c4d_131102_025709_ooi_r_ls11,V5.5LS,Clouds_transparency,True,saturation,False,,False,
253764,c4d_131114_031529_ooi_z_ls9,V4.8.2a,Noise,False,,False,,True,ring pattern
254147,c4d_131115_020529_ooi_z_ls9,V4.8.2a,Noise,False,,False,,True,ring pattern
254166,c4d_131115_024517_ooi_z_ls9,V4.8.2a,Noise,False,,False,,True,ring pattern
256628,c4d_131121_032606_ooi_z_ls9,V4.8.2a,Noise,False,,False,,True,ring pattern
256698,c4d_131121_052146_ooi_z_ls9,V4.8.2a,Noise,False,,False,,True,ring pattern
256721,c4d_131121_060522_ooi_z_ls9,V4.8.2a,Noise,True,pupil,False,,True,ring pattern
256724,c4d_131121_061135_ooi_z_ls9,V4.8.2a,Noise,True,pupil,False,,True,ring pattern
256736,c4d_131121_063641_ooi_z_ls9,V4.8.2a,Noise,True,pupil,False,,True,ring pattern
256752,c4d_131121_070910_ooi_z_ls9,V4.8.2a,Noise,True,pupil,False,,True,ring pattern
257563,c4d_131123_051838_ooi_z_ls9,V4.8.2a,Noise,True,pupil,False,,True,ring pattern
257571,c4d_131123_053232_ooi_z_ls9,V4.8.2a,Noise,True,pupil,False,,True,ring pattern
260867,c4d_131206_041724_ooi_g_ls9,V4.8.2a,PSF,False,,False,,True,ghost
262976,c4d_131212_020745_ooi_z_ls9,V4.8.2a,Noise,True,pupil,False,,True,ring pattern
263028,c4d_131212_033154_ooi_z_ls9,V4.8.2a,Noise,True,pupil,False,,True,ring pattern
263103,c4d_131212_060233_ooi_z_ls9,V4.8.2a,Noise,True,pupil,False,,True,ring pattern
263507,c4d_131213_012129_ooi_z_ls9,V4.8.2a,Noise,True,pupil,False,,True,ring pattern
263559,c4d_131213_031615_ooi_z_ls9,V4.8.2a,Noise,True,pupil,False,,True,ring pattern
264100,c4d_131214_042434_ooi_z_ls9,V4.8.2a,Noise,True,pupil,False,,True,ring pattern
267002,c4d_131221_062439_ooi_z_ls9,V4.8.2a,Noise,True,pupil,False,,True,ring pattern
267006,c4d_131221_063249_ooi_z_ls9,V4.8.2a,Noise,True,pupil,False,,True,ring pattern
267379,c4d_131222_071842_ooi_z_ls9,V4.8.2a,Noise,True,pupil,False,,True,ring pattern
286041,c4d_140218_034113_ooi_g_ls11,V5.5LS,NObjects,True,transparency; flat field; stray light,False,,True,cloud
286107,c4d_140218_070049_ooi_g_ls11,V5.5LS,Clouds_transparency,True,transparency; flat field; stray light,False,,True,
286114,c4d_140218_072809_ooi_i_ls11,V5.5LS,"Clouds_transparency,Saturated",True,transparency; flat field; stray light,False,,True,
286290,c4d_140219_033403_ooi_g_ls11,V5.5LS,NObjects,True,transparency; flat field; stray light,False,,True,
289467,c4d_140303_060224_ooi_g_ls11,V5.5LS,Ghost_Scatter,False,,False,,True,ghost
290755,c4d_140309_000551_ooi_g_ls11,V5.5LS,Clouds_transparency,True,transparency; flat field; stray light,False,,True,
291331,c4d_140311_002046_ooi_g_ls11,V5.5LS,Clouds_transparency,True,transparency; flat field; stray light,False,,False,
293851,c4d_140319_094735_ooi_Y_ls11,V5.5LS,NObjects,True,transparency; flat field; stray light,False,,True,cloud
294730,c4d_140321_000640_ooi_g_ls9,V4.9,Ghost_Scatter,False,,False,,True,ghost
315668,c4d_140520_063811_ooi_i_ls11,V5.5LS,Clouds_transparency,True,transparency,False,,True,
315716,c4d_140520_103220_ooi_Y_ls11,V5.5LS,"Clouds_transparency,NObjects",True,transparency,False,,True,
316944,c4d_140524_232523_ooi_g_ls9,V4.9,PSF,False,,False,,True,strike
317242,c4d_140526_025654_ooi_g_ls9,V4.9,Ghost_Scatter,False,,False,,True,cloud
317516,c4d_140527_032031_ooi_g_ls9,V4.9,Ghost_Scatter,False,,False,,True,ghost
317517,c4d_140527_032528_ooi_g_ls9,V4.9,Ghost_Scatter,False,,False,,True,ghost
317518,c4d_140527_033022_ooi_g_ls9,V4.9,Ghost_Scatter,False,,False,,True,ghost
317522,c4d_140527_035032_ooi_g_ls9,V4.9,Ghost_Scatter,False,,False,,True,ghost
317523,c4d_140527_035528_ooi_g_ls9,V4.9,Ghost_Scatter,False,,False,,True,ghost
317524,c4d_140527_040020_ooi_g_ls9,V4.9,Ghost_Scatter,False,,False,,True,ghost
319104,c4d_140601_080620_ooi_g_ls10,V5.2.2LS,Ghost_Scatter,False,,False,,True,ghost
319105,c4d_140601_081114_ooi_g_ls10,V5.2.2LS,Ghost_Scatter,False,,False,,True,ghost
338846,c4d_140719_051619_ooi_g_ls10,V5.2.2LS,Bad_CCD,False,,False,,True,ghsot
338847,c4d_140719_051732_ooi_g_ls10,V5.2.2LS,Bad_CCD,False,,False,,True,ghsot
338848,c4d_140719_051838_ooi_g_ls10,V5.2.2LS,Bad_CCD,False,,False,,True,ghsot
346409,c4d_140810_072947_ooi_Y_ls11,V5.5LS,Clouds_transparency,False,,False,,True,cloud
350257,c4d_140820_085759_ooi_z_ls9,V4.8.2a,Noise,True,pupil,False,,True,ring pattern
350274,c4d_140820_092752_ooi_z_ls9,V4.8.2a,Noise,True,pupil,False,,True,ring pattern
351783,c4d_140825_101337_ooi_Y_ls11,V5.5LS,Clouds_transparency,True,fringing,False,,False,
353140,c4d_140830_014506_ooi_Y_ls11,V5.5LS,Clouds_transparency,True,fringing,False,,True,
353142,c4d_140830_014841_ooi_Y_ls11,V5.5LS,Clouds_transparency,True,fringing,False,,True,
353153,c4d_140830_021016_ooi_Y_ls11,V5.5LS,Clouds_transparency,True,fringing,False,,True,
353567,c4d_140831_014922_ooi_Y_ls11,V5.5LS,Clouds_transparency,False,,False,,True,
355904,c4d_140906_012516_ooi_Y_ls11,V5.5LS,"Clouds_transparency,Nonoptimal_exp,Out_of_focus",True,fringing,False,,False,
355905,c4d_140906_012639_ooi_Y_ls11,V5.5LS,"Clouds_transparency,Out_of_focus",True,fringing,False,,False,
355907,c4d_140906_012930_ooi_Y_ls11,V5.5LS,Clouds_transparency,True,fringing,False,,False,
355918,c4d_140906_014531_ooi_Y_ls11,V5.5LS,Out_of_focus,True,fringing,False,,False,
355924,c4d_140906_015510_ooi_Y_ls11,V5.5LS,Clouds_transparency,True,fringing,False,,False,
355932,c4d_140906_020606_ooi_Y_ls11,V5.5LS,"Clouds_transparency,Nonoptimal_exp,Out_of_focus",True,fringing,False,,False,
355935,c4d_140906_021008_ooi_Y_ls11,V5.5LS,"Clouds_transparency,Out_of_focus",True,fringing,False,,False,
355936,c4d_140906_021123_ooi_Y_ls11,V5.5LS,Clouds_transparency,True,fringing,False,,False,
355943,c4d_140906_022106_ooi_Y_ls11,V5.5LS,Clouds_transparency,True,fringing,False,,False,
355944,c4d_140906_022230_ooi_Y_ls11,V5.5LS,Clouds_transparency,True,fringing,False,,False,
355945,c4d_140906_022357_ooi_Y_ls11,V5.5LS,Clouds_transparency,True,fringing,False,,False,
355947,c4d_140906_022637_ooi_Y_ls11,V5.5LS,Clouds_transparency,True,fringing,False,,False,
355948,c4d_140906_022800_ooi_Y_ls11,V5.5LS,Clouds_transparency,True,fringing,False,,False,
355949,c4d_140906_022918_ooi_Y_ls11,V5.5LS,Clouds_transparency,True,fringing,False,,False,
355950,c4d_140906_023031_ooi_Y_ls11,V5.5LS,Clouds_transparency,True,fringing,False,,False,
355957,c4d_140906_023937_ooi_Y_ls11,V5.5LS,Clouds_transparency,True,fringing,False,,False,
355959,c4d_140906_024209_ooi_Y_ls11,V5.5LS,Clouds_transparency,True,fringing,False,,False,
355960,c4d_140906_024332_ooi_Y_ls11,V5.5LS,Clouds_transparency,True,fringing,False,,False,
355961,c4d_140906_024500_ooi_Y_ls11,V5.5LS,Clouds_transparency,True,fringing,False,,False,
355962,c4d_140906_024621_ooi_Y_ls11,V5.5LS,Clouds_transparency,True,fringing,False,,False,
355968,c4d_140906_025423_ooi_Y_ls11,V5.5LS,Clouds_transparency,True,fringing,False,,False,
355969,c4d_140906_025537_ooi_Y_ls11,V5.5LS,Clouds_transparency,True,fringing,False,,False,
355970,c4d_140906_025648_ooi_Y_ls11,V5.5LS,Clouds_transparency,True,fringing,False,,False,
355973,c4d_140906_030218_ooi_Y_ls11,V5.5LS,"Clouds_transparency,Out_of_focus",True,fringing,False,,False,
355974,c4d_140906_030332_ooi_Y_ls11,V5.5LS,Clouds_transparency,True,fringing,False,,False,
355981,c4d_140906_031243_ooi_Y_ls11,V5.5LS,Clouds_transparency,True,fringing,False,,False,
355985,c4d_140906_031751_ooi_Y_ls11,V5.5LS,Clouds_transparency,True,fringing,False,,False,
355986,c4d_140906_031908_ooi_Y_ls11,V5.5LS,"Clouds_transparency,Out_of_focus",True,fringing,False,,False,
355990,c4d_140906_032626_ooi_Y_ls11,V5.5LS,Clouds_transparency,True,fringing,False,,False,
355995,c4d_140906_033440_ooi_Y_ls11,V5.5LS,Clouds_transparency,True,fringing,False,,False,
355997,c4d_140906_033715_ooi_Y_ls11,V5.5LS,Clouds_transparency,True,fringing,False,,False,
355998,c4d_140906_033824_ooi_Y_ls11,V5.5LS,Clouds_transparency,True,fringing,False,,False,
356003,c4d_140906_034620_ooi_Y_ls11,V5.5LS,Clouds_transparency,True,fringing,False,,False,
356005,c4d_140906_034909_ooi_Y_ls11,V5.5LS,Clouds_transparency,True,fringing,False,,False,
356008,c4d_140906_035257_ooi_Y_ls11,V5.5LS,Clouds_transparency,True,fringing,False,,False,
356009,c4d_140906_035418_ooi_Y_ls11,V5.5LS,Clouds_transparency,True,fringing,False,,False,
356010,c4d_140906_035535_ooi_Y_ls11,V5.5LS,Clouds_transparency,True,fringing,False,,False,
356011,c4d_140906_035645_ooi_Y_ls11,V5.5LS,Clouds_transparency,True,fringing,False,,False,
356012,c4d_140906_035806_ooi_Y_ls11,V5.5LS,Clouds_transparency,True,fringing,False,,False,
356013,c4d_140906_035929_ooi_Y_ls11,V5.5LS,Clouds_transparency,True,fringing,False,,False,
356016,c4d_140906_040518_ooi_Y_ls11,V5.5LS,Clouds_transparency,True,fringing,False,,False,
356017,c4d_140906_040637_ooi_Y_ls11,V5.5LS,Clouds_transparency,True,fringing,False,,False,
356019,c4d_140906_040921_ooi_Y_ls11,V5.5LS,Clouds_transparency,True,fringing,False,,False,
356020,c4d_140906_041045_ooi_Y_ls11,V5.5LS,Clouds_transparency,True,fringing,False,,False,
356021,c4d_140906_041157_ooi_Y_ls11,V5.5LS,Clouds_transparency,True,fringing,False,,False,
356022,c4d_140906_041318_ooi_Y_ls11,V5.5LS,Clouds_transparency,True,fringing,False,,False,
356023,c4d_140906_041443_ooi_Y_ls11,V5.5LS,Clouds_transparency,True,fringing,False,,False,
781444,c4d_181007_065925_ooi_g_ls9,V4.8.2a,Bad_CCD,False,,False,,True,
786302,c4d_181022_083808_ooi_z_ls9,V4.8.2a,NObjects,True,pupil,False,,False,
872195,c4d_190710_232747_ooi_g_v1,V4.8.2,Clouds_transparency,False,,False,,True,
886114,c4d_190813_063253_ooi_z_v1,V4.8.2a,NObjects,True,pupil; illumination,False,,False,
887183,c4d_190816_072906_ooi_z_v1,V4.8.2a,Nonoptimal_exp,True,pupil; illumination,False,,True,
887206,c4d_190816_084254_ooi_z_v1,V4.8.2a,"Ghost_Scatter,Nonoptimal_exp",True,pupil; illumination,False,,True,
887514,c4d_190817_053423_ooi_i_v1,V4.8.2a,Out_of_focus,True,scattered light,False,,False,
887516,c4d_190817_054020_ooi_i_v1,V4.8.2a,Out_of_focus,True,scattered light,False,,False,
887522,c4d_190817_055835_ooi_i_v1,V4.8.2a,Out_of_focus,True,scattered light,False,,False,
887524,c4d_190817_060458_ooi_i_v1,V4.8.2a,"Ghost_Scatter,Out_of_focus",True,scattered light,False,,False,
887528,c4d_190817_061712_ooi_i_v1,V4.8.2a,Out_of_focus,True,scattered light,False,,False,
887892,c4d_190818_084037_ooi_z_v1,V4.8.2a,Nonoptimal_exp,True,transparency,False,,True,
895041,c4d_190914_032305_ooi_i_v1,V4.8.2a,Nonoptimal_exp,True,scattered light,False,,True,
899795,c4d_191001_043127_ooi_r_v1,V4.8.2a,Clouds_transparency,False,,False,,True,
899796,c4d_191001_043226_ooi_r_v1,V4.8.2a,Clouds_transparency,False,,False,,True,
901820,c4d_191009_035041_ooi_i_v1,V4.8.2a,"Ghost_Scatter,NObjects",True,pupil,False,,True,
907215,c4d_191113_022331_ooi_z_v1,V4.8.2a,Nonoptimal_exp,True,pupil,False,,False,
931343,c4d_200208_070252_ooi_i_v1,V4.8.2a,Nonoptimal_exp,True,pupil; transparency,False,,True,ring pattern
931750,c4d_200209_081519_ooi_i_v1,V4.8.2a,Nonoptimal_exp,True,pupil; transparency,False,,False,
931756,c4d_200209_083855_ooi_i_v1,V4.8.2a,Nonoptimal_exp,True,pupil; transparency; scattered light,False,,False,
942332,c4d_200309_051239_ooi_i_v1,V4.8.2a,Nonoptimal_exp,True,pupil,False,,True,
942334,c4d_200309_051944_ooi_i_v1,V4.8.2a,Nonoptimal_exp,True,pupil,False,,False,
942367,c4d_200309_072404_ooi_i_v1,V4.8.2a,Nonoptimal_exp,True,pupil,False,,False,
942393,c4d_200309_084929_ooi_i_v1,V4.8.2a,"Ghost_Scatter,Nonoptimal_exp",True,pupil,False,,False,
942396,c4d_200309_090200_ooi_i_v1,V4.8.2a,Nonoptimal_exp,True,pupil,False,,False,
942397,c4d_200309_090613_ooi_i_v1,V4.8.2a,Nonoptimal_exp,True,pupil,False,,False,
942398,c4d_200309_091033_ooi_i_v1,V4.8.2a,Nonoptimal_exp,True,pupil,False,,False,
947538,c4d_201022_051454_ooi_g_ls10,V5.2.3LS,Ghost_Scatter,False,,False,,True,
947540,c4d_201022_052752_ooi_g_ls10,V5.2.3LS,Ghost_Scatter,False,,False,,True,
947546,c4d_201022_060645_ooi_g_ls10,V5.2.3LS,Ghost_Scatter,False,,False,,True,
978266,c4d_210328_042542_ooi_z_v1,V5.2,Wonky,False,,False,,True,
979352,c4d_210331_053056_ooi_z_v1,V5.2.1,Nonoptimal_exp,True,transparency,False,,True,
979355,c4d_210331_053632_ooi_z_v1,V5.2.1,Nonoptimal_exp,True,transparency,False,,True,
990987,c4d_210429_054020_ooi_i_v1,V5.2.1,Wonky,True,pupil; illumination,False,,True,
990988,c4d_210429_054138_ooi_z_v1,V5.2.1,Wonky,True,illumination,False,,True,
990992,c4d_210429_054657_ooi_z_v1,V5.2.1,Wonky,True,illumination,False,,True,
990994,c4d_210429_054936_ooi_z_v1,V5.2.1,Wonky,True,illumination,False,,True,
991007,c4d_210429_061205_ooi_r_v1,V5.2.1,Wonky,True,transparency,False,,True,
991028,c4d_210429_064758_ooi_i_v1,V5.2.1,Wonky,True,illumination,False,,True,
991030,c4d_210429_065038_ooi_i_v1,V5.2.1,Wonky,True,illumination,False,,True,
991034,c4d_210429_065601_ooi_i_v1,V5.2.1,Wonky,True,illumination,False,,True,
991047,c4d_210429_071159_ooi_z_v1,V5.2.1,Wonky,True,illumination,False,,True,
991050,c4d_210429_071557_ooi_i_v1,V5.2.1,Wonky,True,illumination,False,,True,
991051,c4d_210429_071716_ooi_z_v1,V5.2.1,Wonky,True,illumination,False,,True,
991088,c4d_210429_080754_ooi_i_v1,V5.2.1,Wonky,True,illumination,False,,True,
991089,c4d_210429_080914_ooi_z_v1,V5.2.1,"Clouds_transparency,NObjects,Wonky",True,illumination,False,,True,
1001060,c4d_210525_003205_ooi_i_v1,V5.2.2,Wonky,False,,False,,True,
1001093,c4d_210525_022907_ooi_i_v1,V5.2.2,Wonky,True,illumination,False,,False,
535138,c4d_160408_013647_ooi_g_ls9,V4.8.2a,PSF,False,,False,,True,
547924,c4d_160608_061512_ooi_g_ls10,V5.2.2LS,PSF,False,,False,,True,
548257,c4d_160609_015433_ooi_g_ls9,V4.8.2a,"Ghost_Scatter,PSF",True,ghost,False,,True,multiple ghosts
558560,c4d_160803_043408_ooi_g_ls9,V4.8.2a,Bad_CCD,True,scattered light,False,,True,scattered light
570798,c4d_160904_080522_ooi_g_ls9,V4.8.2a,"Clouds_transparency,PSF",False,,False,,True,ghosts and wired shape (maybe galaxy)
572936,c4d_160910_013427_ooi_Y_ls11,V5.5LS,Clouds_transparency,True,fringing,False,,False,
572942,c4d_160910_014348_ooi_Y_ls11,V5.5LS,Clouds_transparency,True,fringing,False,,False,
572947,c4d_160910_015745_ooi_Y_ls11,V5.5LS,Clouds_transparency,True,fringing,False,,False,
572948,c4d_160910_015907_ooi_Y_vx,V5.5.1,Clouds_transparency,True,fringing,False,,False,
572949,c4d_160910_020346_ooi_Y_ls11,V5.5LS,Clouds_transparency,True,fringing,False,,False,
572950,c4d_160910_020544_ooi_Y_ls11,V5.5LS,Clouds_transparency,True,fringing,False,,False,
572957,c4d_160910_023010_ooi_Y_vx,V5.5.1,Clouds_transparency,True,fringing,False,,False,
572971,c4d_160910_030527_ooi_Y_ls11,V5.5LS,Clouds_transparency,True,fringing,False,,False,
572979,c4d_160910_032005_ooi_Y_vx,V5.5.1,Clouds_transparency,True,fringing,False,,False,
572982,c4d_160910_032459_ooi_Y_ls11,V5.5LS,Clouds_transparency,True,fringing,False,,False,
572983,c4d_160910_032611_ooi_Y_vx,V5.5.1,Clouds_transparency,True,fringing,False,,False,
572986,c4d_160910_033044_ooi_Y_ls11,V5.5LS,Clouds_transparency,True,fringing,False,,False,
572987,c4d_160910_033155_ooi_Y_ls11,V5.5LS,Clouds_transparency,True,fringing,False,,False,
572988,c4d_160910_033314_ooi_Y_ls11,V5.5LS,Clouds_transparency,True,fringing,False,,False,
572989,c4d_160910_033427_ooi_Y_vx,V5.5.1,Clouds_transparency,True,fringing,False,,False,
572994,c4d_160910_034450_ooi_Y_ls11,V5.5LS,Clouds_transparency,True,fringing,False,,False,
572999,c4d_160910_035101_ooi_Y_ls11,V5.5LS,Clouds_transparency,True,fringing,False,,False,
573001,c4d_160910_035721_ooi_Y_ls11,V5.5LS,Clouds_transparency,True,fringing,False,,False,
573003,c4d_160910_035947_ooi_Y_ls11,V5.5LS,Clouds_transparency,True,fringing,False,,False,
573004,c4d_160910_040104_ooi_Y_ls11,V5.5LS,Clouds_transparency,True,fringing,False,,False,
573008,c4d_160910_041034_ooi_Y_vx,V5.5.1,Clouds_transparency,True,fringing,False,,False,
573009,c4d_160910_041149_ooi_Y_vx,V5.5.1,Clouds_transparency,True,fringing,False,,False,
573012,c4d_160910_041725_ooi_Y_ls11,V5.5LS,Clouds_transparency,True,fringing,False,,False,
574551,c4d_160914_004515_ooi_Y_ls11,V5.5LS,NObjects,True,fringing,False,,False,
574569,c4d_160914_012217_ooi_Y_vx,V5.5.1,NObjects,True,fringing,False,,False,
574637,c4d_160914_034929_ooi_Y_vx,V5.5.1,Clouds_transparency,True,fringing,False,,False,
574641,c4d_160914_035734_ooi_Y_vx,V5.5.1,Clouds_transparency,True,fringing,False,,False,
574643,c4d_160914_040006_ooi_Y_ls11,V5.5LS,"Clouds_transparency,Nonoptimal_exp",True,fringing,False,,False,
574888,c4d_160914_234121_ooi_Y_vx,V5.5.1,NObjects,True,fringing,False,,False,
574892,c4d_160914_234919_ooi_Y_ls11,V5.5.2LS,Clouds_transparency,True,transparency,False,,True,
574941,c4d_160915_014106_ooi_Y_ls11,V5.5.2LS,"Clouds_transparency,NObjects,Nonoptimal_exp",True,transparency,False,,True,
574951,c4d_160915_020552_ooi_Y_ls11,V5.5LS,Clouds_transparency,True,transparency,False,,True,
574991,c4d_160915_032101_ooi_Y_vx,V5.5.1,Clouds_transparency,True,transparency,False,,True,
574998,c4d_160915_033330_ooi_Y_vx,V5.5.1,Clouds_transparency,True,transparency,False,,True,
575006,c4d_160915_034846_ooi_Y_vx,V5.5.1,Clouds_transparency,True,transparency,False,,True,
575009,c4d_160915_035457_ooi_Y_vx,V5.5.1,Clouds_transparency,True,transparency,False,,True,
575011,c4d_160915_035735_ooi_Y_vx,V5.5.1,Clouds_transparency,True,transparency,False,,True,
595147,c4d_161122_072034_ooi_Y_ls11,V5.5LS,Clouds_transparency,True,fringing,False,,False,
660138,c4d_170720_013105_ooi_g_ls11,V5.5LS,Telescope_Moving,False,,False,,True,seeing
660345,c4d_170720_234537_ooi_r_ls11,V5.5.2LS,Clouds_transparency,False,,False,,True,
694009,c4d_171108_061324_ooi_z_ls11,V5.5LS,Clouds_transparency,True,transparency,False,,True,
730187,c4d_180314_060925_ooi_g_ls9,V4.8.2a,PSF,False,,False,,True,
775394,c4d_180919_004750_ooi_r_ls11,V5.5LS,Out_of_focus,True,transparency,False,,True,
778968,c4d_180929_090811_ooi_Y_ls11,V5.5.2LS,"NObjects,Wonky",True,transparency,False,,True,
1017502,c4d_210719_014436_ooi_i_v1,V5.2.3,Telescope_Moving,True,airplane,False,,True,
1018955,c4d_210723_051450_ooi_z_v1,V5.2.3,Wonky,True,illumination,False,,True,
1019008,c4d_210723_070149_ooi_z_v1,V5.2.3,"NObjects,Wonky",False,,False,,True,
1019484,c4d_210724_093657_ooi_Y_v1,V5.2.3,Clouds_transparency,True,pupil; transparency,True,transparency,False,
1019485,c4d_210724_093826_ooi_Y_v1,V5.2.3,Clouds_transparency,True,pupil; transparency,True,transparency,False,
1021001,c4d_210728_104034_ooi_Y_v1,V5.2.3,NObjects,True,,False,,False,
1027004,c4d_210828_073617_ooi_i_v1,V5.2.3,Clouds_transparency,True,transparency,True,transparency,True,
1027005,c4d_210828_073815_ooi_i_v1,V5.2.3,Clouds_transparency,True,transparency,True,transparency,True,
1027061,c4d_210828_093125_ooi_i_v1,V5.2.3,Clouds_transparency,True,transparency,True,transparency,True,
1027062,c4d_210828_093325_ooi_i_v1,V5.2.3,Clouds_transparency,True,transparency,True,transparency,True,
1027064,c4d_210828_093723_ooi_i_v1,V5.2.3,"Clouds_transparency,NObjects",True,transparency,True,transparency,True,
1027070,c4d_210828_094915_ooi_i_v1,V5.2.3,"Clouds_transparency,NObjects",True,transparency,True,transparency,True,
1032403,c4d_210911_041104_ooi_g_v1,V5.2.3,Clouds_transparency,True,noise,True,transparency,True,
1032405,c4d_210911_041801_ooi_g_v1,V5.2.3,Clouds_transparency,True,transparency,False,,True,
1032412,c4d_210911_045628_ooi_r_v1,V5.2.3,Clouds_transparency,True,transparency,True,clouds,True,
1032422,c4d_210911_054838_ooi_g_v1,V5.2.3,Clouds_transparency,False,,False,,True,
1033469,c4d_210916_010021_ooi_z_v1,V5.2.3,Wonky,False,,False,,True,
1033470,c4d_210916_010221_ooi_z_v1,V5.2.3,Wonky,False,,False,,True,cloud?
1033479,c4d_210916_012023_ooi_z_v1,V5.2.3,Wonky,True,saturation; sky scrapers,True,pupil spot center,True,
1033480,c4d_210916_012221_ooi_z_v1,V5.2.3,Wonky,True,saturation; sky scrapers,True,pupil spot center,True,
1033481,c4d_210916_012421_ooi_z_v1,V5.2.3,Wonky,True,saturation; sky scrapers,True,pupil spot center,True,
1033482,c4d_210916_012620_ooi_z_v1,V5.2.3,Wonky,False,,True,pupil spot center,True,
1033483,c4d_210916_012819_ooi_z_v1,V5.2.3,Wonky,False,,True,pupil spot center,True,
1033489,c4d_210916_014052_ooi_i_v1,V5.2.3,Wonky,False,,True,pupil spot center,True,
1070706,c4d_220110_075539_ooi_g_v1,V5.4,Clouds_transparency,True,transparency,True,clouds,True,
1070707,c4d_220110_080109_ooi_g_v1,V5.4,Clouds_transparency,True,transparency,True,clouts,True,
1070708,c4d_220110_080639_ooi_r_v1,V5.4,Clouds_transparency,True,transparency,True,no stars,True,
1070895,c4d_220111_045639_ooi_g_v1,V5.4,Clouds_transparency,True,transparency,True,transparency,True,
1070897,c4d_220111_050337_ooi_g_v1,V5.4,Clouds_transparency,True,transparency,True,transparency,True,
1070900,c4d_220111_052006_ooi_g_v1,V5.4,Clouds_transparency,True,transparency,True,transparency,True,
1070903,c4d_220111_053633_ooi_g_v1,V5.4,Clouds_transparency,True,transparency,True,transparency,True,
1071976,c4d_220114_061228_ooi_z_v1,V5.4,"NObjects,Wonky",True,transparency,True,transparency,True,
1077341,c4d_220201_070701_ooi_g_v1,V5.4,Clouds_transparency,True,transparency,True,clouds,True,
1077342,c4d_220201_071541_ooi_g_v1,V5.4,Clouds_transparency,True,transparency,True,clouds,True,
1077343,c4d_220201_073956_ooi_g_v1,V5.4,Clouds_transparency,True,transparency,True,clouds,True,
1078687,c4d_220208_041533_ooi_g_v1,V5.4,"Noise,Telescope_Moving",True,telescope moving,True,telescope moving,True,
1085635,c4d_220305_064530_ooi_g_v1,V5.4,Clouds_transparency,True,noise,False,,True,
1085637,c4d_220305_064949_ooi_g_v1,V5.4,Clouds_transparency,True,noise,False,,True,
1085640,c4d_220305_065547_ooi_g_v1,V5.4,Clouds_transparency,True,noise,False,,True,
1085642,c4d_220305_065947_ooi_g_v1,V5.4,Nonoptimal_exp,True,noise,False,,True,
1085644,c4d_220305_070349_ooi_g_v1,V5.4,Clouds_transparency,True,noise,False,,True,
1085647,c4d_220305_070947_ooi_g_v1,V5.4,Nonoptimal_exp,True,noise,False,,True,
1085648,c4d_220305_071146_ooi_g_v1,V5.4,"Clouds_transparency,Nonoptimal_exp",True,noise,False,,True,
1085649,c4d_220305_071346_ooi_g_v1,V5.4,Clouds_transparency,True,noise,False,,True,
1085650,c4d_220305_071545_ooi_g_v1,V5.4,Clouds_transparency,True,noise,False,,True,
1085651,c4d_220305_071745_ooi_g_v1,V5.4,Clouds_transparency,True,noise,False,,True,
1085652,c4d_220305_071946_ooi_g_v1,V5.4,"Clouds_transparency,Nonoptimal_exp",True,noise,False,,True,
1085653,c4d_220305_072146_ooi_g_v1,V5.4,Clouds_transparency,True,noise,True,bright sky,True,
1085654,c4d_220305_072345_ooi_g_v1,V5.4,Clouds_transparency,True,noise,False,,True,
1085656,c4d_220305_072745_ooi_g_v1,V5.4,Clouds_transparency,True,noise,False,,True,
1085658,c4d_220305_073145_ooi_g_v1,V5.4,"Clouds_transparency,Nonoptimal_exp",True,noise,False,,True,
1087963,c4d_220423_024113_ooi_i_v1,V5.5,"Ghost_Scatter,NObjects",False,,False,,True,
1094256,c4d_220511_042913_ooi_i_v1,V5.5,"Clouds_transparency,NObjects",True,transparency,True,transparency,True,
1094258,c4d_220511_043317_ooi_i_v1,V5.5,Clouds_transparency,True,transparency,False,,True,
1095479,c4d_220513_072653_ooi_g_v1,V5.5,Clouds_transparency,True,transparency,False,,True,
1095480,c4d_220513_072752_ooi_g_v1,V5.5,Clouds_transparency,True,transparency,False,,True,
1095481,c4d_220513_072853_ooi_g_v1,V5.5,Clouds_transparency,True,transparency,False,,True,
1095482,c4d_220513_072953_ooi_r_v1,V5.5,Clouds_transparency,True,transparency,False,,True,
1095515,c4d_220513_080226_ooi_g_v1,V5.5,Clouds_transparency,True,transparency,False,,True,
1095516,c4d_220513_080325_ooi_g_v1,V5.5,Clouds_transparency,True,transparency,False,,True,
1096126,c4d_220514_070133_ooi_g_v1,V5.5,Clouds_transparency,False,,False,,True,
1114898,c4d_220729_100513_ooi_g_v1,V5.5,PSF,False,,True,clouds,True,cloud
1114900,c4d_220729_100936_ooi_g_v1,V5.5,PSF,False,,False,,True,cloud
1116425,c4d_220801_084452_ooi_g_v1,V5.5,PSF,False,,False,,True,
1116449,c4d_220801_093833_ooi_g_v1,V5.5,PSF,False,,False,,True,
1116453,c4d_220801_094637_ooi_g_v1,V5.5,PSF,False,,False,,True,
1118352,c4d_220808_073503_ooi_i_v1,V5.5,NObjects,True,pupil; illumination,False,,False,
1119100,c4d_220810_092925_ooi_Y_v1,V5.5,NObjects,False,,False,,True,
1119499,c4d_220811_090810_ooi_z_v1,V5.5,"Ghost_Scatter,NObjects,Wonky",False,,False,,True,
1119504,c4d_220811_091806_ooi_z_v1,V5.5,NObjects,False,,False,,True,
1136114,c4d_220919_043944_ooi_g_v1,V5.5,PSF,False,,False,,True,
1136357,c4d_220928_045236_ooi_g_v1,V5.5,"Clouds_transparency,Noise",True,noise,True,transparency,True,
1136358,c4d_220928_045405_ooi_g_v1,V5.5,Clouds_transparency,True,noise,True,wonky,True,
1136359,c4d_220928_045743_ooi_g_v1,V5.5,Clouds_transparency,True,noise,True,wonky,True,
1136360,c4d_220928_045943_ooi_g_v1,V5.5,Clouds_transparency,True,noise,True,wonky,True,
1136375,c4d_220928_052924_ooi_g_v1,V5.5,Clouds_transparency,True,noise,False,,True,
1136382,c4d_220928_070331_ooi_g_v1,V5.5,Clouds_transparency,True,noise,True,no stars,True,
1136383,c4d_220928_070649_ooi_g_v1,V5.5,Clouds_transparency,True,noise,False,,True,
1137640,c4d_221003_053931_ooi_g_v1,V5.5,PSF,False,,False,,True,
1137802,c4d_221003_235319_ooi_g_v1,V5.5,Clouds_transparency,False,,False,,True,
1137803,c4d_221004_000004_ooi_g_v1,V5.5,Clouds_transparency,False,,False,,True,
1137977,c4d_221005_010349_ooi_i_v1,V5.5,NObjects,False,,False,,True,
941510,c4d_200306_032451_ooi_i_v1,V4.8.2a,Nonoptimal_exp,True,transparency,True,transparency/moon,False,
941511,c4d_200306_032650_ooi_i_v1,V4.8.2a,Nonoptimal_exp,True,transparency,True,transparency/moon,False,
941512,c4d_200306_032849_ooi_i_v1,V4.8.2a,Nonoptimal_exp,True,transparency,True,transparency/moon,False,
941513,c4d_200306_033052_ooi_i_v1,V4.8.2a,Nonoptimal_exp,True,transparency,True,transparency/moon,False,
941514,c4d_200306_033251_ooi_i_v1,V4.8.2a,Nonoptimal_exp,True,transparency; pupil,True,transparency/moon,False,
941515,c4d_200306_033450_ooi_i_v1,V4.8.2a,Nonoptimal_exp,True,transparency; pupil,True,transparency/moon,False,
942276,c4d_200309_015656_ooi_i_v1,V4.8.2a,Nonoptimal_exp,True,pupil,True,moon,False,
948870,c4d_201026_081241_ooi_g_v1,V4.10,"Bad_CCD,PSF",True,ghost,False,,False,
956062,c4d_201120_060900_ooi_g_v1,V5.0,"Ghost_Scatter,PSF",True,ghost,False,,False,
956767,c4d_201122_054758_ooi_g_v1,V5.0,PSF,True,ghost,False,,False,
973594,c4d_210314_070304_ooi_i_v1,V5.2,PSF,True,jpg failed (url),True,"bad jpg rendering, bad ccd edges",False,
973648,c4d_210314_085116_ooi_g_v1,V5.2,Telescope_Moving,True,jpg failed (url),False,,False,
973914,c4d_210315_073923_ooi_i_v1,V5.2,Telescope_Moving,False,,True,"bad jpg rendering, bad ccd edges",False,
987805,c4d_210422_233048_ooi_i_v1,V5.2.1,Wonky,True,pupil?,False,,False,
1025567,c4d_210815_232708_ooi_i_v1,V5.2.3,"Clouds_transparency,NObjects",True,transparency,True,no stars,False,
1025568,c4d_210815_232908_ooi_i_v1,V5.2.3,NObjects,True,transparency,True,no stars,False,
1025569,c4d_210815_233105_ooi_i_v1,V5.2.3,NObjects,True,transparency,True,no stars,False,
1025570,c4d_210815_233304_ooi_i_v1,V5.2.3,NObjects,True,transparency,False,,False,
1025571,c4d_210815_233502_ooi_i_v1,V5.2.3,"Clouds_transparency,NObjects",True,transparency,False,,False,
1025573,c4d_210815_233900_ooi_i_v1,V5.2.3,"Clouds_transparency,NObjects",True,transparency,False,,False,
138076,c4d_121003_045259_ooi_r_ls11,V5.5LS,Out_of_focus,True,Maybe saturation or close to saturation. The structure in the background is indicative of charge close the serial register of the CCDs.,False,,False,
138078,c4d_121003_045456_ooi_r_ls11,V5.5LS,"Nonoptimal_exp,Out_of_focus",True,Maybe saturation or close to saturation. The structure in the background is indicative of charge close the serial register of the CCDs.,False,,False,
201058,c4d_130423_053100_ooi_z_ls11,V5.5LS,Clouds_transparency,True,Clouds; also residual tree rings from flat fielding residuals,False,,False,
223788,c4d_130805_230748_ooi_r_ls11,V5.5LS,"Ghost_Scatter,Telescope_Moving",True,structured residuals in the sky,False,,False,
259477,c4d_131202_080520_ooi_r_ls9,V4.8.2a,Telescope_Moving,True,amplifier offsets (gain correction),False,,False,
268423,c4d_131227_075513_ooi_r_ls9,V4.8.2a,Ghost_Scatter,True,PSF?,False,,False,
281824,c4d_140205_082615_ooi_g_ls11,V5.5LS,Telescope_Moving,True,PSF?,False,,False,
318113,c4d_140528_232723_ooi_r_ls11,V5.5.2LS,Clouds_transparency,True,transparency,False,,False,
339208,c4d_140719_230916_ooi_g_ls11,V5.5.2LS,PSF,True,airplane,False,,False,
339211,c4d_140719_232639_ooi_i_ls11,V5.5.2LS,PSF,True,lots of bleed trails; maybe moving or VSUB issue? Or just long (360s) crowded field exposure.,False,,False,
339212,c4d_140719_233307_ooi_i_ls11,V5.5.2LS,PSF,True,lots of bleed trails; maybe moving or VSUB issue? Or just long (360s) crowded field exposure.,False,,False,
339213,c4d_140719_233935_ooi_i_ls11,V5.5.2LS,"Ghost_Scatter,PSF",True,lots of bleed trails; maybe moving or VSUB issue? Or just long (360s) crowded field exposure.,False,,False,
339214,c4d_140719_234610_ooi_i_ls11,V5.5.2LS,PSF,True,lots of bleed trails; maybe moving or VSUB issue? Or just long (360s) crowded field exposure.,False,,False,
339215,c4d_140719_235236_ooi_i_ls11,V5.5.2LS,PSF,True,lots of bleed trails; maybe moving or VSUB issue? Or just long (360s) crowded field exposure.,False,,False,
339216,c4d_140719_235906_ooi_i_ls11,V5.5.2LS,PSF,True,lots of bleed trails; maybe moving or VSUB issue? Or just long (360s) crowded field exposure.,False,,False,
382626,c4d_141129_080817_ooi_Y_ls11,V5.5LS,Clouds_transparency,True,"Y-band; fringing, especially in central CCD",False,,False,
448468,c4d_150610_040633_ooi_i_ls11,V5.5LS,Clouds_transparency,True,transparency,False,,False,
508427,c4d_160104_074611_ooi_r_ls11,V5.5.2LS,Clouds_transparency,True,transparency,False,,False,
508428,c4d_160104_074742_ooi_i_ls11,V5.5.2LS,Clouds_transparency,True,transparency,False,,False,
516557,c4d_160212_082643_ooi_g_ls11,V5.5.2LS,Ghost_Scatter,True,sky subtraction,False,,False,
536367,c4d_160411_055040_ooi_g_ls11,V5.5LS,Clouds_transparency,True,transparency,False,,False,
608855,c4d_170112_030929_ooi_g_ls11,V5.5.2LS,Noise,True,transparency; sky background?,False,,False,
626958,c4d_170307_083213_ooi_g_ls9,V4.9,Bad_CCD,True,amplifier offsets; transparency,False,,False,
660197,c4d_170720_045536_ooi_g_ls11,V5.5LS,Telescope_Moving,True,transparency,False,,False,
711753,c4d_180113_043731_ooi_r_ls11,V5.5LS,Clouds_transparency,True,transparency,False,,False,
749745,c4d_180522_062306_ooi_r_ls11,V5.5.2LS,Ghost_Scatter,True,transparency,False,,False,
749747,c4d_180522_062631_ooi_i_ls11,V5.5.2LS,Telescope_Moving,True,transparency,False,,False,
757385,c4d_180722_010448_ooi_i_ls11,V5.5.2LS,Nonoptimal_exp,True,transparency; pupil illumination correction,False,,False,
757415,c4d_180722_020427_ooi_i_ls11,V5.5.2LS,Nonoptimal_exp,True,transparency; pupil illumination correction,False,,False,
757416,c4d_180722_020633_ooi_i_ls11,V5.5.2LS,"Nonoptimal_exp,Wonky",True,transparency; pupil illumination correction,False,,False,
759382,c4d_180727_032314_ooi_Y_ls11,V5.5.2LS,Clouds_transparency,True,Y-band; fringing,False,,False,
781464,c4d_181007_072636_ooi_g_ls9,V4.8.2a,Bad_CCD,True,ghost,False,,False,
781465,c4d_181007_072806_ooi_g_ls9,V4.8.2a,Bad_CCD,True,ghost,False,,False,
801251,c4d_181209_064956_ooi_g_ls9,V4.8.2a,Ghost_Scatter,True,ghost,False,,False,
801589,c4d_181210_065616_ooi_g_ls9,V4.8.2a,"Bad_CCD,Ghost_Scatter",True,ghost,False,,False,
801945,c4d_181211_051553_ooi_g_ls9,V4.8.2a,Ghost_Scatter,True,ghost,False,,False,
807354,c4d_181230_050123_ooi_g_ls9,V4.8.2a,PSF,True,ghost,False,,False,
356024,c4d_140906_041743_ooi_Y_ls11,V5.5LS,Clouds_transparency,True,fringing,False,,True,
356025,c4d_140906_041903_ooi_Y_ls11,V5.5LS,Clouds_transparency,True,fringing; pupil,False,,True,
356026,c4d_140906_042018_ooi_Y_ls11,V5.5LS,Clouds_transparency,True,fringing,False,,False,
356028,c4d_140906_042318_ooi_Y_ls11,V5.5LS,Clouds_transparency,True,fringing,False,,False,
356029,c4d_140906_042550_ooi_Y_ls11,V5.5LS,Clouds_transparency,True,fringing,False,,False,
356032,c4d_140906_042943_ooi_Y_ls11,V5.5LS,Clouds_transparency,True,fringing,False,,False,
356034,c4d_140906_043530_ooi_Y_ls11,V5.5LS,Clouds_transparency,True,fringing,False,,False,
356036,c4d_140906_043805_ooi_Y_ls11,V5.5LS,Clouds_transparency,True,fringing,False,,False,
356038,c4d_140906_044158_ooi_Y_ls11,V5.5LS,Clouds_transparency,True,fringing,False,,False,
356042,c4d_140906_044807_ooi_Y_ls11,V5.5LS,Clouds_transparency,True,fringing,False,,False,
356044,c4d_140906_045048_ooi_Y_ls11,V5.5LS,Clouds_transparency,True,fringing,False,,False,
356045,c4d_140906_045205_ooi_Y_ls11,V5.5LS,Clouds_transparency,True,fringing,False,,False,
356047,c4d_140906_045435_ooi_Y_ls11,V5.5LS,Clouds_transparency,True,fringing,False,,False,
356048,c4d_140906_045820_ooi_Y_ls11,V5.5LS,Clouds_transparency,True,fringing,False,,False,
356049,c4d_140906_045929_ooi_Y_ls11,V5.5LS,"Clouds_transparency,Nonoptimal_exp",True,fringing,False,,False,
356050,c4d_140906_050049_ooi_Y_ls11,V5.5LS,Clouds_transparency,True,fringing,False,,False,
356051,c4d_140906_050209_ooi_Y_ls11,V5.5LS,Clouds_transparency,True,fringing,False,,False,
356053,c4d_140906_050620_ooi_Y_ls11,V5.5LS,Clouds_transparency,True,fringing,False,,False,
356054,c4d_140906_050803_ooi_Y_ls11,V5.5LS,Clouds_transparency,True,fringing,False,,False,
356055,c4d_140906_050918_ooi_Y_ls11,V5.5LS,Clouds_transparency,True,fringing,False,,False,
356056,c4d_140906_051037_ooi_Y_ls11,V5.5LS,Clouds_transparency,True,fringing,False,,False,
356057,c4d_140906_051207_ooi_Y_ls11,V5.5LS,Clouds_transparency,True,fringing,False,,False,
356058,c4d_140906_051333_ooi_Y_ls11,V5.5LS,Clouds_transparency,True,fringing,False,,False,
356060,c4d_140906_051609_ooi_Y_ls11,V5.5LS,Clouds_transparency,True,fringing,False,,False,
356061,c4d_140906_051721_ooi_Y_ls11,V5.5LS,Clouds_transparency,True,fringing,False,,False,
356064,c4d_140906_052320_ooi_Y_ls11,V5.5LS,"Clouds_transparency,Nonoptimal_exp",True,fringing,False,,False,
356067,c4d_140906_052708_ooi_Y_ls11,V5.5LS,Clouds_transparency,True,fringing,False,,False,
356068,c4d_140906_052826_ooi_Y_ls11,V5.5LS,Clouds_transparency,True,fringing,False,,False,
356069,c4d_140906_053208_ooi_Y_ls11,V5.5LS,Clouds_transparency,True,fringing,False,,False,
356081,c4d_140906_055312_ooi_Y_ls11,V5.5LS,Clouds_transparency,True,fringing,False,,False,
356082,c4d_140906_055430_ooi_Y_ls11,V5.5LS,Clouds_transparency,True,fringing,False,,False,
356083,c4d_140906_055547_ooi_Y_ls11,V5.5LS,Clouds_transparency,True,fringing,False,,False,
356084,c4d_140906_055659_ooi_Y_ls11,V5.5LS,Clouds_transparency,True,fringing,False,,False,
356085,c4d_140906_055819_ooi_Y_ls11,V5.5LS,Clouds_transparency,True,fringing,False,,False,
356087,c4d_140906_060100_ooi_Y_ls11,V5.5LS,Clouds_transparency,True,fringing,False,,False,
356089,c4d_140906_060411_ooi_Y_ls11,V5.5LS,"Clouds_transparency,Noise",True,fringing,False,,False,
356091,c4d_140906_060657_ooi_Y_ls11,V5.5LS,Clouds_transparency,True,fringing,False,,False,
356092,c4d_140906_060817_ooi_Y_ls11,V5.5LS,Clouds_transparency,True,fringing,False,,False,
356093,c4d_140906_060938_ooi_Y_ls11,V5.5LS,Clouds_transparency,True,fringing,False,,False,
356094,c4d_140906_061059_ooi_Y_ls11,V5.5LS,Clouds_transparency,True,fringing,False,,False,
356095,c4d_140906_061217_ooi_Y_ls11,V5.5LS,Clouds_transparency,True,fringing,False,,True,trail
356096,c4d_140906_061338_ooi_Y_ls11,V5.5LS,Clouds_transparency,True,fringing,False,,False,
356097,c4d_140906_061509_ooi_Y_ls11,V5.5LS,Clouds_transparency,True,fringing,False,,False,
356098,c4d_140906_061629_ooi_Y_ls11,V5.5LS,Clouds_transparency,True,fringing,False,,False,
356108,c4d_140906_063037_ooi_Y_ls11,V5.5LS,Clouds_transparency,True,fringing,False,,False,
356110,c4d_140906_063311_ooi_Y_ls11,V5.5LS,Clouds_transparency,True,fringing,False,,False,
356112,c4d_140906_063535_ooi_Y_ls11,V5.5LS,Clouds_transparency,True,fringing,False,,False,
356118,c4d_140906_064352_ooi_Y_ls11,V5.5LS,Clouds_transparency,True,fringing,False,,False,
356125,c4d_140906_065248_ooi_Y_ls11,V5.5LS,Clouds_transparency,True,fringing,False,,False,
356128,c4d_140906_065646_ooi_Y_ls11,V5.5LS,Clouds_transparency,True,fringing,False,,False,
356132,c4d_140906_070200_ooi_Y_ls11,V5.5LS,Clouds_transparency,True,fringing,False,,False,
356133,c4d_140906_070310_ooi_Y_ls11,V5.5LS,Clouds_transparency,True,fringing,False,,False,
356134,c4d_140906_070432_ooi_Y_ls11,V5.5LS,Clouds_transparency,True,fringing,False,,False,
356140,c4d_140906_071352_ooi_Y_ls11,V5.5LS,Clouds_transparency,True,fringing,False,,False,
356144,c4d_140906_071856_ooi_Y_ls11,V5.5LS,Clouds_transparency,True,fringing,False,,False,
356145,c4d_140906_072014_ooi_Y_ls11,V5.5LS,Clouds_transparency,True,fringing,False,,False,
356149,c4d_140906_072516_ooi_Y_ls11,V5.5LS,Clouds_transparency,True,fringing,False,,False,
356153,c4d_140906_073028_ooi_Y_ls11,V5.5LS,Clouds_transparency,True,fringing,False,,False,
356163,c4d_140906_074331_ooi_Y_ls11,V5.5LS,Clouds_transparency,True,fringing,False,,False,
356184,c4d_140906_081403_ooi_Y_ls11,V5.5LS,Clouds_transparency,True,fringing,False,,False,
356185,c4d_140906_081548_ooi_Y_ls11,V5.5LS,Clouds_transparency,True,fringing,False,,False,
356188,c4d_140906_081956_ooi_Y_ls11,V5.5LS,Clouds_transparency,True,fringing,False,,False,
356531,c4d_140907_024905_ooi_g_ls9,V4.8.2a,NObjects,True,transparency; pupil,False,,True,
356571,c4d_140907_035135_ooi_g_ls10,V5.2.2LS,NObjects,True,transparency; pupil,False,,True,
356641,c4d_140907_054911_ooi_g_ls10,V5.2.2LS,NObjects,True,transparency; pupil,False,,True,
358131,c4d_140911_062801_ooi_i_ls11,V5.5LS,"NObjects,Saturated",True,transparency,False,,True,
359761,c4d_140916_092838_ooi_i_ls10,V5.2.3LS,Noise,False,,False,,True,
367923,c4d_141015_033301_ooi_Y_ls11,V5.5LS,Clouds_transparency,True,fringing; transparency,False,,True,
368213,c4d_141016_063947_ooi_Y_ls11,V5.5LS,Clouds_transparency,True,fringing; transparency,False,,True,
370655,c4d_141023_054317_ooi_g_ls9,V4.8.2a,PSF,False,,False,,True,
370708,c4d_141023_072956_ooi_g_ls9,V4.8.2a,PSF,False,,False,,True,
371789,c4d_141027_071528_ooi_g_ls9,V4.8.2a,PSF,False,,False,,True,
372176,c4d_141028_062147_ooi_g_ls9,V4.8.2a,PSF,False,,False,,True,
372987,c4d_141030_075255_ooi_g_ls9,V4.8.2a,PSF,False,,False,,True,
379610,c4d_141120_040629_ooi_Y_ls11,V5.5LS,Clouds_transparency,True,transparency,False,,True,
381151,c4d_141125_004159_ooi_Y_ls11,V5.5LS,Clouds_transparency,True,transparency,False,,True,
381160,c4d_141125_010112_ooi_Y_ls11,V5.5LS,Clouds_transparency,True,transparency,False,,True,
381181,c4d_141125_014533_ooi_Y_ls11,V5.5LS,"Clouds_transparency,Out_of_focus",True,transparency,False,,True,
381224,c4d_141125_031931_ooi_Y_ls11,V5.5LS,Clouds_transparency,True,transparency,False,,True,
382263,c4d_141128_041526_ooi_g_ls9,V4.8.2a,PSF,False,,False,,True,
382622,c4d_141129_080215_ooi_Y_ls11,V5.5LS,Clouds_transparency,True,fringing,False,,True,
382623,c4d_141129_080325_ooi_Y_ls11,V5.5LS,Clouds_transparency,True,fringing,False,,True,
382624,c4d_141129_080450_ooi_Y_ls11,V5.5LS,Clouds_transparency,True,fringing,False,,True,
382631,c4d_141129_081818_ooi_Y_ls11,V5.5LS,Clouds_transparency,True,fringing,False,,False,
382632,c4d_141129_081931_ooi_Y_ls11,V5.5LS,Clouds_transparency,True,fringing,False,,False,
382634,c4d_141129_082203_ooi_Y_ls11,V5.5LS,Clouds_transparency,True,fringing,False,,True,
382635,c4d_141129_082316_ooi_Y_ls11,V5.5LS,Clouds_transparency,True,fringing,False,,False,
382636,c4d_141129_082431_ooi_Y_ls11,V5.5LS,Clouds_transparency,True,yes,False,,True,
390138,c4d_141222_030115_ooi_g_ls9,V4.8.2a,PSF,False,,False,,True,ghost
390940,c4d_141224_040435_ooi_g_ls9,V4.8.2a,PSF,False,,False,,True,ghost
423050,c4d_150318_064139_ooi_g_ls9,V4.8.2a,Ghost_Scatter,False,,False,,True,
423701,c4d_150320_091913_ooi_g_ls9,V4.8.2a,Ghost_Scatter,False,,False,,True,
423833,c4d_150320_235829_ooi_i_ls11,V5.5LS,Out_of_focus,True,illumination,False,,False,
430325,c4d_150408_011407_ooi_z_ls9,V4.8.2a,"Ghost_Scatter,NObjects",True,illumination,False,,True,
430419,c4d_150408_045324_ooi_z_ls9,V4.8.2a,"Ghost_Scatter,Noise",True,illumination,False,,False,
430711,c4d_150409_012554_ooi_z_ls9,V4.8.2a,Noise,True,illumination,False,,False,
448752,c4d_150612_022236_ooi_g_ls9,V4.9,Ghost_Scatter,False,,False,,True,
448753,c4d_150612_022730_ooi_g_ls9,V4.9,Ghost_Scatter,False,,False,,True,
448754,c4d_150612_023229_ooi_g_ls9,V4.9,Ghost_Scatter,False,,False,,True,
448792,c4d_150612_054031_ooi_g_ls9,V4.9,Ghost_Scatter,False,,False,,True,
450029,c4d_150616_034229_ooi_g_ls9,V4.9,Ghost_Scatter,False,,False,,True,
452396,c4d_150620_104922_ooi_i_ls11,V5.5LS,"NObjects,Wonky",True,transparency,False,,True,
453411,c4d_150623_095253_ooi_i_ls11,V5.5LS,Clouds_transparency,True,transparency,False,,True,
453420,c4d_150623_100701_ooi_i_ls11,V5.5LS,Clouds_transparency,True,transparency,False,,False,
453429,c4d_150623_103125_ooi_i_ls11,V5.5LS,Clouds_transparency,True,transparency,False,,False,
453430,c4d_150623_103310_ooi_i_ls11,V5.5LS,Clouds_transparency,True,transparency,False,,False,
453431,c4d_150623_103438_ooi_i_ls11,V5.5LS,Clouds_transparency,True,transparency,False,,False,
453434,c4d_150623_103920_ooi_i_ls11,V5.5LS,Clouds_transparency,True,transparency,False,,False,
464183,c4d_150816_101251_ooi_Y_ls11,V5.5LS,Clouds_transparency,True,fringing; transparency,False,,False,
466063,c4d_150822_095729_ooi_Y_ls11,V5.5LS,Clouds_transparency,True,fringing; transparency,False,,False,
466065,c4d_150822_095958_ooi_Y_ls11,V5.5LS,Clouds_transparency,True,fringing; transparency,False,,False,
466066,c4d_150822_100113_ooi_Y_ls11,V5.5LS,Clouds_transparency,True,fringing; transparency,False,,False,
466069,c4d_150822_100554_ooi_Y_ls11,V5.5LS,Clouds_transparency,True,fringing; transparency,False,,False,
466072,c4d_150822_101025_ooi_Y_ls11,V5.5LS,Clouds_transparency,True,fringing; transparency,False,,True,
466073,c4d_150822_101140_ooi_Y_ls11,V5.5LS,Clouds_transparency,True,fringing; transparency,False,,False,
466075,c4d_150822_101410_ooi_Y_ls11,V5.5LS,Clouds_transparency,True,fringing; transparency,False,,False,
466077,c4d_150822_101835_ooi_Y_ls11,V5.5LS,Clouds_transparency,True,fringing; transparency,False,,False,
472609,c4d_150909_011909_ooi_Y_ls11,V5.5LS,Clouds_transparency,True,fringing; transparency,False,,False,
474637,c4d_150914_011807_ooi_Y_ls11,V5.5LS,Clouds_transparency,True,fringing; transparency,False,,False,
474639,c4d_150914_012121_ooi_Y_ls11,V5.5LS,Clouds_transparency,True,fringing; transparency,False,,False,
474641,c4d_150914_012440_ooi_Y_ls11,V5.5LS,Clouds_transparency,True,fringing; transparency,False,,False,
476894,c4d_150921_033025_ooi_Y_ls11,V5.5LS,Clouds_transparency,True,fringing; transparency,False,,False,
476916,c4d_150921_040528_ooi_Y_ls11,V5.5LS,Clouds_transparency,True,fringing; transparency,False,,False,
477668,c4d_150923_030217_ooi_Y_ls11,V5.5LS,Clouds_transparency,True,fringing; transparency,False,,False,
477682,c4d_150923_032219_ooi_Y_ls11,V5.5LS,Clouds_transparency,True,fringing; transparency,False,,False,
477693,c4d_150923_033859_ooi_Y_ls11,V5.5LS,Clouds_transparency,True,fringing; transparency,False,,False,
477695,c4d_150923_034131_ooi_Y_ls11,V5.5LS,Clouds_transparency,True,fringing; transparency,False,,False,
477696,c4d_150923_034241_ooi_Y_ls11,V5.5LS,Clouds_transparency,True,fringing; transparency,False,,False,
477697,c4d_150923_034400_ooi_Y_ls11,V5.5LS,Clouds_transparency,True,fringing; transparency,False,,False,
477703,c4d_150923_035519_ooi_Y_ls11,V5.5LS,Clouds_transparency,True,fringing; transparency,False,,False,
477744,c4d_150923_054530_ooi_Y_ls11,V5.5LS,Clouds_transparency,True,fringing; transparency,False,,False,
478062,c4d_150925_002715_ooi_Y_ls11,V5.5LS,Nonoptimal_exp,True,fringing; transparency,False,,False,
481027,c4d_151002_052238_ooi_Y_ls11,V5.5LS,Clouds_transparency,True,fringing; transparency,False,,False,
481033,c4d_151002_053045_ooi_Y_ls11,V5.5LS,Clouds_transparency,True,fringing; transparency,False,,False,
481518,c4d_151004_061624_ooi_Y_ls11,V5.5LS,Clouds_transparency,True,fringing; transparency,False,,False,
482502,c4d_151007_085559_ooi_Y_ls11,V5.5LS,Clouds_transparency,True,fringing; transparency,False,,False,
482506,c4d_151007_090219_ooi_Y_ls11,V5.5LS,Clouds_transparency,True,fringing; transparency,False,,False,
482507,c4d_151007_090335_ooi_Y_ls11,V5.5LS,Clouds_transparency,True,fringing; transparency,False,,False,
482514,c4d_151007_091431_ooi_Y_ls11,V5.5LS,Clouds_transparency,True,fringing; transparency,False,,False,
483225,c4d_151009_090137_ooi_Y_ls11,V5.5LS,Clouds_transparency,True,fringing; transparency,False,,False,
483226,c4d_151009_090317_ooi_Y_ls11,V5.5LS,Clouds_transparency,True,fringing; transparency,False,,False,
483227,c4d_151009_090433_ooi_Y_ls11,V5.5LS,Clouds_transparency,True,fringing; transparency,False,,False,
483231,c4d_151009_091226_ooi_Y_ls11,V5.5LS,Clouds_transparency,True,fringing; transparency,False,,False,
483232,c4d_151009_091426_ooi_Y_ls11,V5.5LS,Clouds_transparency,True,fringing; transparency,False,,False,
487127,c4d_151024_042306_ooi_Y_ls11,V5.5LS,Clouds_transparency,True,fringing; transparency,False,,False,
487130,c4d_151024_042924_ooi_Y_ls11,V5.5LS,Clouds_transparency,True,fringing; transparency,False,,False,
487136,c4d_151024_043729_ooi_Y_ls11,V5.5LS,Clouds_transparency,True,fringing; transparency,False,,False,
487142,c4d_151024_044616_ooi_Y_ls11,V5.5LS,"Clouds_transparency,Out_of_focus",True,fringing; transparency,False,,False,
487169,c4d_151024_052958_ooi_Y_ls11,V5.5LS,Clouds_transparency,True,fringing; transparency,False,,False,
487170,c4d_151024_053219_ooi_Y_ls11,V5.5LS,Clouds_transparency,True,fringing; transparency,False,,False,
489532,c4d_151103_065545_ooi_Y_ls11,V5.5LS,Clouds_transparency,True,fringing; transparency,False,,False,
489536,c4d_151103_070043_ooi_Y_ls11,V5.5LS,Clouds_transparency,True,fringing; transparency,False,,False,
489537,c4d_151103_070158_ooi_Y_ls11,V5.5LS,Clouds_transparency,True,fringing; transparency,False,,False,
489539,c4d_151103_070428_ooi_Y_ls11,V5.5LS,Clouds_transparency,True,fringing; transparency,False,,False,
489540,c4d_151103_070546_ooi_Y_ls11,V5.5LS,Clouds_transparency,True,fringing; transparency,False,,False,
489542,c4d_151103_070821_ooi_Y_ls11,V5.5LS,Clouds_transparency,True,fringing; transparency,False,,False,
489544,c4d_151103_071050_ooi_Y_ls11,V5.5LS,Clouds_transparency,True,fringing; transparency,False,,False,
489546,c4d_151103_071317_ooi_Y_ls11,V5.5LS,Clouds_transparency,True,fringing; transparency,False,,False,
489547,c4d_151103_071436_ooi_Y_ls11,V5.5LS,Clouds_transparency,True,fringing; transparency,False,,False,
489548,c4d_151103_071552_ooi_Y_ls11,V5.5LS,Clouds_transparency,True,fringing; transparency,False,,False,
489549,c4d_151103_071725_ooi_Y_ls11,V5.5LS,Clouds_transparency,True,fringing; transparency,False,,False,
489550,c4d_151103_071841_ooi_Y_ls11,V5.5LS,Clouds_transparency,True,fringing; transparency,False,,False,
489554,c4d_151103_072418_ooi_Y_ls11,V5.5LS,Clouds_transparency,True,fringing; transparency,False,,False,
489555,c4d_151103_072547_ooi_Y_ls11,V5.5LS,Clouds_transparency,True,fringing; transparency,False,,False,
489559,c4d_151103_073053_ooi_Y_ls11,V5.5LS,Clouds_transparency,True,fringing; transparency,False,,False,
489560,c4d_151103_073217_ooi_Y_ls11,V5.5LS,Clouds_transparency,True,fringing; transparency,False,,False,
489561,c4d_151103_073327_ooi_Y_vx,V5.5,Clouds_transparency,True,fringing; transparency,False,,False,
489563,c4d_151103_073604_ooi_Y_ls11,V5.5LS,Clouds_transparency,True,fringing; transparency,False,,False,
489596,c4d_151103_083256_ooi_Y_ls11,V5.5LS,Clouds_transparency,True,fringing; transparency,False,,False,
489598,c4d_151103_083535_ooi_Y_ls11,V5.5LS,Clouds_transparency,True,fringing; transparency,False,,False,
495667,c4d_151122_003859_ooi_Y_ls11,V5.5LS,Out_of_focus,True,fringing,False,,False,
496189,c4d_151123_074939_ooi_Y_ls11,V5.5LS,Clouds_transparency,True,fringing,False,,False,
496190,c4d_151123_075057_ooi_Y_ls11,V5.5LS,"Clouds_transparency,Out_of_focus",True,fringing,False,,False,
498816,c4d_151203_071310_ooi_Y_ls11,V5.5LS,Clouds_transparency,True,fringing; transparency,False,,False,
498833,c4d_151203_074344_ooi_Y_ls11,V5.5LS,"Clouds_transparency,Out_of_focus",True,fringing; transparency,False,,False,
498843,c4d_151203_080231_ooi_Y_ls11,V5.5LS,"Clouds_transparency,Out_of_focus",True,fringing; transparency,False,,False,
503513,c4d_151219_021610_ooi_Y_ls11,V5.5LS,Clouds_transparency,True,fringing; transparency,False,,False,
509542,c4d_160109_084807_ooi_z_ls9,V4.8.2a,NObjects,True,illumination,False,,False,
520553,c4d_160227_052913_ooi_z_ls9,V4.8.2a,NObjects,True,illumination,False,,False,
521014,c4d_160228_075751_ooi_z_ls9,V4.8.2a,NObjects,True,pupil; transparency,False,,False,
533754,c4d_160402_053348_ooi_g_ls9,V4.9,PSF,False,,False,,True,
1071988,c4d_220114_070051_ooi_g_v1,V5.4,Telescope_Moving,True,transparency,True,clouds,False,
1071994,c4d_220114_071155_ooi_g_v1,V5.4,PSF,True,transparency,True,clouds,False,
1071997,c4d_220114_071832_ooi_g_v1,V5.4,Nonoptimal_exp,True,transparency,True,clouds,False,
1095008,c4d_220512_231626_ooi_i_v1,V5.5,NObjects,False,,True,bright sky,False,
1095042,c4d_220512_235927_ooi_r_v1,V5.5,Clouds_transparency,True,transparency,True,transparency,False,
1095043,c4d_220513_000024_ooi_r_v1,V5.5,Clouds_transparency,True,transparency,True,transparency,False,
1095104,c4d_220513_010053_ooi_r_v1,V5.5,"Clouds_transparency,Out_of_focus",True,transparency,True,transparency,False,
1095105,c4d_220513_010151_ooi_r_v1,V5.5,Clouds_transparency,True,transparency,True,transparency,False,
1095106,c4d_220513_010250_ooi_r_v1,V5.5,Clouds_transparency,True,transparency,True,transparency,False,
1095107,c4d_220513_010348_ooi_i_v1,V5.5,Clouds_transparency,True,transparency,True,transparency,False,
1095109,c4d_220513_010544_ooi_i_v1,V5.5,Clouds_transparency,True,transparency,True,transparency,False,
1095250,c4d_220513_032636_ooi_r_v1,V5.5,NObjects,True,transparency,False,,False,
1095270,c4d_220513_034626_ooi_i_v1,V5.5,"Clouds_transparency,PSF",True,transparency,True,transapency,False,
1095443,c4d_220513_065056_ooi_g_v1,V5.5,"Clouds_transparency,Out_of_focus",True,transparency,True,transapency,False,
1095447,c4d_220513_065451_ooi_r_v1,V5.5,"Clouds_transparency,PSF",True,transparency,True,transapency,False,
1095448,c4d_220513_065549_ooi_r_v1,V5.5,"Clouds_transparency,PSF",True,transparency,True,transapency,False,
1095449,c4d_220513_065647_ooi_i_v1,V5.5,Clouds_transparency,True,transparency,True,transapency,False,
1095462,c4d_220513_070947_ooi_g_v1,V5.5,"Clouds_transparency,Out_of_focus",True,transparency,True,transapency,False,
1095463,c4d_220513_071047_ooi_g_v1,V5.5,Clouds_transparency,True,transparency,False,,False,
1095471,c4d_220513_071839_ooi_g_v1,V5.5,Clouds_transparency,True,transparency,True,traspaency,False,
1095472,c4d_220513_071937_ooi_g_v1,V5.5,Clouds_transparency,True,transparency,True,traspaency,False,
1095476,c4d_220513_072334_ooi_i_v1,V5.5,Clouds_transparency,True,transparency,True,transparency/moon,False,
1095488,c4d_220513_073551_ooi_g_v1,V5.5,Clouds_transparency,True,transparency,True,transparency/moon,False,
1095489,c4d_220513_073649_ooi_g_v1,V5.5,Clouds_transparency,True,transparency,True,transparency/moon,False,
1095490,c4d_220513_073747_ooi_g_v1,V5.5,Clouds_transparency,True,transparency,True,transparency/moon,False,
1095497,c4d_220513_074437_ooi_g_v1,V5.5,Clouds_transparency,True,transparency,True,transparency/moon,False,
1095498,c4d_220513_074536_ooi_g_v1,V5.5,Clouds_transparency,True,transparency,True,transparency/moon,False,
1095501,c4d_220513_074832_ooi_r_v1,V5.5,Clouds_transparency,True,transparency,True,transparency/moon,False,
1095502,c4d_220513_074932_ooi_r_v1,V5.5,Clouds_transparency,True,transparency,True,transparency/moon,False,
1095506,c4d_220513_075326_ooi_g_v1,V5.5,Clouds_transparency,True,transparency,True,transparency/moon,False,
1095507,c4d_220513_075426_ooi_g_v1,V5.5,Clouds_transparency,True,transparency,True,transparency/moon,False,
1095508,c4d_220513_075525_ooi_g_v1,V5.5,Clouds_transparency,True,transparency,True,transparency/moon,False,
1095509,c4d_220513_075621_ooi_r_v1,V5.5,Clouds_transparency,True,transparency,True,transparency/moon,False,
1095510,c4d_220513_075719_ooi_r_v1,V5.5,Clouds_transparency,True,transparency,True,transparency/moon,False,
1095511,c4d_220513_075817_ooi_r_v1,V5.5,Clouds_transparency,True,transparency,True,transparency/moon,False,
1095512,c4d_220513_075916_ooi_i_v1,V5.5,Clouds_transparency,True,transparency,True,transparency/moon,False,
1095513,c4d_220513_080014_ooi_i_v1,V5.5,Clouds_transparency,True,transparency,True,transparency/moon,False,
1095514,c4d_220513_080112_ooi_i_v1,V5.5,Clouds_transparency,True,transparency,True,transparency/moon,False,
1135444,c4d_220916_234151_ooi_z_v1,V5.5,Clouds_transparency,True,transparency,True,transpaency,False,
1217116,c4d_230624_034333_ooi_g_v1,V5.5,Nonoptimal_exp,True,ghost,False,,False,
1220868,c4d_230713_003942_ooi_g_v1,V5.5,Clouds_transparency,True,transparency,True,clouds,False,
1220876,c4d_230713_010021_ooi_g_v1,V5.5,Clouds_transparency,True,transparency,True,transparency,False,
1220878,c4d_230713_010623_ooi_g_v1,V5.5,Clouds_transparency,True,transparency,True,transparency,False,
1220884,c4d_230713_012016_ooi_g_v1,V5.5,Clouds_transparency,True,transparency,True,transparency,False,
1222737,c4d_230718_001509_ooi_r_v1,V5.5,Clouds_transparency,True,transparency,False,,False,
1222753,c4d_230718_004727_ooi_r_v1,V5.5,Clouds_transparency,True,transparency,False,,False,
1222762,c4d_230718_010632_ooi_g_v1,V5.5,Clouds_transparency,True,transparency,False,,False,
1222790,c4d_230718_020443_ooi_g_v1,V5.5,PSF,True,transparency,True,clouds,False,
1222793,c4d_230718_021039_ooi_g_v1,V5.5,PSF,True,transparency,True,clouds,False,
1222961,c4d_230718_234428_ooi_g_v1,V5.5,Clouds_transparency,True,transparency,True,clouds,False,
1222962,c4d_230718_234633_ooi_g_v1,V5.5,Clouds_transparency,True,transparency,True,clouds,False,
1222965,c4d_230718_235328_ooi_g_v1,V5.5,Clouds_transparency,True,transparency,True,clouds,False,
1222966,c4d_230718_235526_ooi_g_v1,V5.5,Clouds_transparency,True,transparency,True,clouds,False,
1223039,c4d_230719_023114_ooi_g_v1,V5.5,Clouds_transparency,True,transparency,True,clouds,False,
1223058,c4d_230719_031136_ooi_r_v1,V5.5,Clouds_transparency,True,transparency,True,clouds,False,
1223059,c4d_230719_031407_ooi_r_v1,V5.5,Clouds_transparency,True,transparency,True,clouds,False,
1223065,c4d_230719_032609_ooi_r_v1,V5.5,Clouds_transparency,True,transparency,True,clouds,False,
1223066,c4d_230719_032807_ooi_r_v1,V5.5,Clouds_transparency,True,transparency,True,clouds,False,
1223067,c4d_230719_033010_ooi_g_v1,V5.5,Clouds_transparency,True,transparency,True,clouds,False,
1223068,c4d_230719_033210_ooi_r_v1,V5.5,Clouds_transparency,True,transparency,True,clouds,False,
1223069,c4d_230719_033411_ooi_r_v1,V5.5,Clouds_transparency,True,transparency,True,clouds,False,
1223076,c4d_230719_034840_ooi_r_v1,V5.5,Clouds_transparency,True,transparency,True,clouds,False,
1223078,c4d_230719_035257_ooi_r_v1,V5.5,Clouds_transparency,True,transparency,True,clouds,False,
1223112,c4d_230719_070856_ooi_g_v1,V5.5,Clouds_transparency,True,transparency,False,,False,
1223469,c4d_230721_021747_ooi_g_v1,V5.5,PSF,True,transparency,True,clouds,False,
1223480,c4d_230721_024405_ooi_g_v1,V5.5,PSF,True,transparency,True,clouds,False,
1223481,c4d_230721_024604_ooi_g_v1,V5.5,PSF,True,transparency,True,clouds,False,
1223487,c4d_230721_025805_ooi_g_v1,V5.5,PSF,True,transparency,True,clouds,False,
1223489,c4d_230721_030205_ooi_g_v1,V5.5,PSF,True,transparency,True,clouds,False,
1223493,c4d_230721_031017_ooi_g_v1,V5.5,PSF,True,transparency,True,clouds,False,
1223494,c4d_230721_031217_ooi_g_v1,V5.5,PSF,True,transparency,True,clouds,False,
1223498,c4d_230721_032024_ooi_g_v1,V5.5,PSF,True,transparency,True,clouds,False,
1223509,c4d_230721_034418_ooi_g_v1,V5.5,PSF,True,transparency,True,clouds,False,
1223520,c4d_230721_040718_ooi_g_v1,V5.5,PSF,True,transparency,True,clouds,False,
1225155,c4d_230726_231125_ooi_z_ls11,V5.5,NObjects,True,transparency,True,moon,False,
1237608,c4d_230902_013853_ooi_z_v1,V5.5.1,"NObjects,Wonky",True,transparency,True,transparency/moon,False,
1237613,c4d_230902_014850_ooi_i_v1,V5.5.1,"Clouds_transparency,NObjects",True,transparency,True,transparency/moon,False,
1237623,c4d_230902_021047_ooi_i_v1,V5.5.1,NObjects,True,transparency,True,transparency/moon,False,
1237922,c4d_230904_083414_ooi_z_ls11,V5.5.1LS,Saturated,True,transparency,True,no stars,False,
1238988,c4d_230909_025311_ooi_r_v1,V5.5.1,Clouds_transparency,True,transparency,False,,False,
1238998,c4d_230909_035108_ooi_r_v1,V5.5.1,"Clouds_transparency,Out_of_focus",True,transparency,True,transparency,False,
1239000,c4d_230909_035506_ooi_r_v1,V5.5.1,"Clouds_transparency,Out_of_focus",True,transparency,True,clouds,False,
1253421,c4d_231109_071250_ooi_r_ls11,V5.5.2LS,"Clouds_transparency,Nonoptimal_exp,Out_of_focus",True,transparency,True,transparency,False,
1253425,c4d_231109_072947_ooi_z_ls11,V5.5.2LS,Clouds_transparency,True,transparency,True,no stars,False,
1253427,c4d_231109_073919_ooi_z_ls11,V5.5.2LS,Clouds_transparency,True,transparency,True,no stars,False,
1253429,c4d_231109_074838_ooi_z_ls11,V5.5.2LS,Clouds_transparency,True,transparency,True,no stars,False,
1263170,c4d_231230_031502_ooi_i_v1,V5.5.2,"NObjects,Wonky",True,transparency,True,transparency/moon,False,
1200289,c4d_230501_033415_ooi_i_v1,V5.5,"Ghost_Scatter,NObjects",False,,False,,True,scattered ligh
1200636,c4d_230509_053000_ooi_z_v1,V5.5,Noise,False,,False,,True,pattern
1214269,c4d_230615_040841_ooi_g_v1,V5.5,Ghost_Scatter,False,,False,,True,ghost
1214270,c4d_230615_041231_ooi_g_v1,V5.5,Ghost_Scatter,False,,False,,True,ghost and cloud
1214274,c4d_230615_042518_ooi_g_v1,V5.5,Ghost_Scatter,False,,False,,True,cloud
1214278,c4d_230615_044248_ooi_g_v1,V5.5,Ghost_Scatter,False,,False,,True,
1214384,c4d_230615_085548_ooi_r_v1,V5.5,Ghost_Scatter,False,,False,,True,
1214391,c4d_230615_090818_ooi_r_v1,V5.5,Ghost_Scatter,False,,False,,True,ghost
1215375,c4d_230617_101146_ooi_r_v1,V5.5,Ghost_Scatter,False,,False,,True,trail
1215575,c4d_230618_005749_ooi_g_v1,V5.5,"Ghost_Scatter,PSF",False,,False,,True,ghost
1215934,c4d_230619_020835_ooi_g_v1,V5.5,PSF,False,,False,,True,PSF
1217058,c4d_230624_003545_ooi_i_v1,V5.5,NObjects,True,transparency,True,clouds,True,cloud
1217078,c4d_230624_012323_ooi_i_v1,V5.5,Clouds_transparency,True,telescope moving,True,streak,True,telescope moving
1217110,c4d_230624_032608_ooi_g_v1,V5.5,Nonoptimal_exp,False,,False,,True,ghost
1218500,c4d_230703_045808_ooi_z_v1,V5.5LS,"Nonoptimal_exp,PSF",False,,False,,True,pattern
1220935,c4d_230713_081048_ooi_r_v1,V5.5,Ghost_Scatter,False,,False,,True,ghost
1221633,c4d_230714_235000_ooi_r_v1,V5.5,Ghost_Scatter,False,,False,,True,ghost
1221789,c4d_230715_065633_ooi_g_v1,V5.5,Ghost_Scatter,False,,False,,True,scattered light
1221792,c4d_230715_071258_ooi_g_v1,V5.5,Ghost_Scatter,False,,False,,True,scattered light
1221793,c4d_230715_071826_ooi_g_v1,V5.5,Ghost_Scatter,False,,False,,True,ghost
1221812,c4d_230715_090859_ooi_r_v1,V5.5,Telescope_Moving,False,,False,,True,trail
1222239,c4d_230716_100312_ooi_g_v1,V5.5,Ghost_Scatter,False,,False,,True,trail
1222425,c4d_230717_050310_ooi_r_v1,V5.5,Ghost_Scatter,False,,False,,True,ghost
1222451,c4d_230717_055636_ooi_r_v1,V5.5,Ghost_Scatter,False,,False,,True,ghost
1222453,c4d_230717_060034_ooi_r_v1,V5.5,Ghost_Scatter,False,,False,,True,ghost
1222456,c4d_230717_060631_ooi_r_v1,V5.5,Ghost_Scatter,False,,False,,True,ghost
1222460,c4d_230717_061429_ooi_r_v1,V5.5,Ghost_Scatter,False,,False,,True,
1222465,c4d_230717_062426_ooi_r_v1,V5.5,Ghost_Scatter,False,,False,,True,
1222481,c4d_230717_065729_ooi_r_v1,V5.5,Ghost_Scatter,False,,False,,True,
1222490,c4d_230717_071529_ooi_r_v1,V5.5,Ghost_Scatter,False,,False,,True,
1222494,c4d_230717_072328_ooi_r_v1,V5.5,Ghost_Scatter,False,,False,,True,
1222495,c4d_230717_072527_ooi_r_v1,V5.5,Ghost_Scatter,False,,False,,True,
1222497,c4d_230717_072926_ooi_r_v1,V5.5,Ghost_Scatter,False,,False,,True,
1222498,c4d_230717_073126_ooi_r_v1,V5.5,Ghost_Scatter,False,,False,,True,trail
1222506,c4d_230717_074726_ooi_r_v1,V5.5,Ghost_Scatter,False,,False,,True,ghost
1222508,c4d_230717_075126_ooi_r_v1,V5.5,Ghost_Scatter,False,,False,,True,ghost
1222511,c4d_230717_075756_ooi_r_v1,V5.5,Ghost_Scatter,False,,False,,True,
1222512,c4d_230717_075955_ooi_r_v1,V5.5,Ghost_Scatter,False,,False,,True,
1222791,c4d_230718_020641_ooi_g_v1,V5.5,PSF,True,transparency,True,clouds,True,PSF + cloud
1222800,c4d_230718_022439_ooi_g_v1,V5.5,Clouds_transparency,True,transparency,True,clouds,True,PSF + cloud
1222814,c4d_230718_032143_ooi_r_v1,V5.5,Clouds_transparency,True,transparency,False,,True,
1222815,c4d_230718_032344_ooi_r_v1,V5.5,Clouds_transparency,True,transparency,False,,True,
1222817,c4d_230718_032743_ooi_r_v1,V5.5,Clouds_transparency,True,transparency,False,,True,
1222818,c4d_230718_032953_ooi_r_v1,V5.5,Clouds_transparency,True,transparency,False,,True,
1223086,c4d_230719_051946_ooi_g_v1,V5.5,PSF,True,transparency,True,clouds,True,
1223087,c4d_230719_052147_ooi_g_v1,V5.5,Clouds_transparency,True,transparency,True,clouds,True,
1223092,c4d_230719_053153_ooi_g_v1,V5.5,PSF,True,transparency,False,,True,PSF + cloud
1223094,c4d_230719_053602_ooi_g_v1,V5.5,PSF,True,transparency,False,,True,
1223113,c4d_230719_081844_ooi_g_v1,V5.5,PSF,True,transparency,True,clouds,True,
1223472,c4d_230721_022427_ooi_g_v1,V5.5,PSF,True,transparency,True,clouds,True,
1223503,c4d_230721_033054_ooi_g_v1,V5.5,PSF,True,transparency,True,clouds,True,
1223526,c4d_230721_042108_ooi_g_v1,V5.5,PSF,True,transparency,True,clouds,True,
1223527,c4d_230721_042307_ooi_g_v1,V5.5,PSF,True,transparency,True,clouds,True,
1223528,c4d_230721_042507_ooi_g_v1,V5.5,PSF,True,transparency,True,clouds,True,
1223529,c4d_230721_042707_ooi_g_v1,V5.5,PSF,True,transparency,True,clouds,True,
1223532,c4d_230721_043318_ooi_g_v1,V5.5,PSF,True,transparency,True,clouds,True,
1223533,c4d_230721_043519_ooi_g_v1,V5.5,PSF,True,transparency,True,clouds,True,
1223534,c4d_230721_043718_ooi_g_v1,V5.5,PSF,True,transparency,True,clouds,True,
1223698,c4d_230722_051035_ooi_g_v1,V5.5,Nonoptimal_exp,False,,False,,True,ghost
1223700,c4d_230722_051535_ooi_g_v1,V5.5,Nonoptimal_exp,False,,False,,True,weird?
1223712,c4d_230722_054034_ooi_g_v1,V5.5,PSF,True,transparency,True,clouds,True,
1223716,c4d_230722_054832_ooi_g_v1,V5.5,"Ghost_Scatter,PSF",True,transparency,True,clouds,True,
1223726,c4d_230722_060842_ooi_g_v1,V5.5,PSF,False,,False,,True,
1223728,c4d_230722_061241_ooi_g_v1,V5.5,PSF,False,,False,,True,
1223729,c4d_230722_061442_ooi_g_v1,V5.5,PSF,False,,False,,True,cloud
1223730,c4d_230722_061642_ooi_g_v1,V5.5,PSF,False,,False,,True,cloud
1223731,c4d_230722_061841_ooi_g_v1,V5.5,"Ghost_Scatter,PSF",False,,False,,True,ghost
1223735,c4d_230722_062639_ooi_g_v1,V5.5,PSF,False,,False,,True,cloud
1223736,c4d_230722_062838_ooi_g_v1,V5.5,PSF,False,,False,,True,cloud + PSF
1223738,c4d_230722_063238_ooi_g_v1,V5.5,PSF,False,,False,,True,cloud
1223749,c4d_230722_065431_ooi_g_v1,V5.5,Nonoptimal_exp,False,,False,,True,ghost
1223753,c4d_230722_070229_ooi_g_v1,V5.5,"Ghost_Scatter,PSF",False,,False,,True,cloud
1223754,c4d_230722_070428_ooi_g_v1,V5.5,"Ghost_Scatter,PSF",False,,False,,True,cloud + ghost
1223755,c4d_230722_070627_ooi_g_v1,V5.5,PSF,False,,False,,True,ghost
1223756,c4d_230722_070827_ooi_g_v1,V5.5,PSF,False,,False,,True,cloud + ghost
1223763,c4d_230722_072224_ooi_g_v1,V5.5,PSF,False,,False,,True,cloud
1223764,c4d_230722_072423_ooi_g_v1,V5.5,PSF,False,,False,,True,trail
1223765,c4d_230722_072622_ooi_g_v1,V5.5,PSF,False,,False,,True,cloud
1223766,c4d_230722_072821_ooi_g_v1,V5.5,PSF,False,,False,,True,cloud
1223768,c4d_230722_073221_ooi_g_v1,V5.5,PSF,False,,False,,True,cloud
1223773,c4d_230722_074219_ooi_g_v1,V5.5,PSF,False,,False,,True,cloud
1223774,c4d_230722_074420_ooi_g_v1,V5.5,PSF,False,,False,,True,cloud
1223781,c4d_230722_075820_ooi_g_v1,V5.5,Clouds_transparency,True,transparency,True,clouds,True,cloud
1223786,c4d_230722_080819_ooi_g_v1,V5.5,Clouds_transparency,True,transparency,True,clouds,True,cloud
1223789,c4d_230722_081417_ooi_g_v1,V5.5,Clouds_transparency,True,transparency,True,clouds,True,
1223792,c4d_230722_082014_ooi_g_v1,V5.5,Clouds_transparency,True,transparency,True,clouds,True,
1223793,c4d_230722_082214_ooi_g_v1,V5.5,Clouds_transparency,True,transparency,True,clouds,True,
1225153,c4d_230726_230842_ooi_z_ls11,V5.5,NObjects,False,,False,,True,trail
1235088,c4d_230826_231309_ooi_z_ls11,V5.5.1LS,Saturated,True,transparency,True,no stars,True,cloud?
1237876,c4d_230904_054134_ooi_r_ls11,V5.5.1,Clouds_transparency,False,,False,,True,
1237913,c4d_230904_080231_ooi_z_ls11,V5.5.1LS,Saturated,True,transparency,True,no stars,True,
1237923,c4d_230904_083723_ooi_z_ls11,V5.5.1LS,Saturated,True,transparency,True,no stars,True,cloud
1237924,c4d_230904_084023_ooi_z_ls11,V5.5.1LS,Saturated,True,transparency,True,no stars,True,cloud
1237925,c4d_230904_084257_ooi_z_ls11,V5.5.1LS,Nonoptimal_exp,True,transparency,True,no stars,True,
1238110,c4d_230905_074445_ooi_z_ls11,V5.5.1LS,Saturated,True,transparency,True,no stars,True,
1238133,c4d_230905_091602_ooi_z_ls11,V5.5.1LS,Nonoptimal_exp,True,transparency,True,no stars,True,
1238137,c4d_230905_092626_ooi_z_ls11,V5.5.1LS,Nonoptimal_exp,True,transparency,True,no stars,True,
1241706,c4d_230923_021259_ooi_g_v1,V5.5.1,Clouds_transparency,True,transparency,True,clouds,True,
1241715,c4d_230923_022818_ooi_g_v1,V5.5.1,Clouds_transparency,True,transparency,True,clouds,True,
1241717,c4d_230923_023132_ooi_g_v1,V5.5.1,Clouds_transparency,True,transparency,True,clouds,True,
1241718,c4d_230923_023303_ooi_g_v1,V5.5.1,Clouds_transparency,True,transparency,True,clouds,True,
1241719,c4d_230923_023431_ooi_g_v1,V5.5.1,Clouds_transparency,True,transparency,True,clouds,True,
1241720,c4d_230923_023621_ooi_g_v1,V5.5.1,Clouds_transparency,True,transparency,True,clouds,True,
1241721,c4d_230923_023804_ooi_g_v1,V5.5.1,Clouds_transparency,True,transparency,True,clouds,True,
1242028,c4d_230924_034123_ooi_g_v1,V5.5.1,Ghost_Scatter,False,,False,,True,pupil
1244459,c4d_231003_235046_ooi_g_v1,V5.5.1,PSF,False,,False,,True,ghost
1244466,c4d_231004_000133_ooi_g_v1,V5.5.1,"Clouds_transparency,PSF",False,,False,,True,trail
1244469,c4d_231004_000849_ooi_g_v1,V5.5.1,Clouds_transparency,False,,False,,True,cloud + ghost
1245012,c4d_231005_033909_ooi_r_ls11,V5.5.1LS,Ghost_Scatter,False,,True,clouds,True,
1250102,c4d_231024_235734_ooi_g_v1,V5.5.1,Clouds_transparency,True,transparency,False,,True,
1251410,c4d_231102_062728_ooi_i_v1,V5.5.2,"Ghost_Scatter,NObjects",False,,True,bright star,True,ghost
1251624,c4d_231103_003204_ooi_g_v1,V5.5.2,Clouds_transparency,False,,False,,True,trail
1251629,c4d_231103_004142_ooi_g_v1,V5.5.2,Clouds_transparency,False,,False,,True,
1251630,c4d_231103_004310_ooi_g_v1,V5.5.2,Clouds_transparency,False,,False,,True,ghost
1251631,c4d_231103_004456_ooi_g_v1,V5.5.2,Clouds_transparency,False,,False,,True,ghost
1251635,c4d_231103_005155_ooi_g_v1,V5.5.2,Clouds_transparency,False,,False,,True,ghost + cloud
1251639,c4d_231103_005809_ooi_g_v1,V5.5.2,Clouds_transparency,False,,False,,True,ghost + trail
1251712,c4d_231103_044916_ooi_r_v1,V5.5.2,Clouds_transparency,False,,False,,True,ghost + trail
1251820,c4d_231103_084349_ooi_g_v1,V5.5.2,Clouds_transparency,True,transparency,False,,True,
1256861,c4d_231203_004853_ooi_g_v1,V5.5.2,PSF,False,,False,,True,
1256862,c4d_231203_005025_ooi_g_v1,V5.5.2,"Bad_CCD,PSF",False,,False,,True,ghost
1257395,c4d_231204_082510_ooi_r_v1,V5.5.2,Noise,True, noise,False,,True,cloud + trail
1257396,c4d_231204_082543_ooi_i_v1,V5.5.2,Clouds_transparency,True,noise,False,,True,cloud + trail
1257397,c4d_231204_082614_ooi_z_v1,V5.5.2,Clouds_transparency,True,transparency,False,,True,cloud
1261918,c4d_231224_005341_ooi_i_v1,V5.5.2,NObjects,False,,False,,True,
1262122,c4d_231224_083952_ooi_g_v1,V5.5.2,Clouds_transparency,True,pupil,False,,True,cloud
1263181,c4d_231230_033820_ooi_i_v1,V5.5.2,NObjects,False,,False,,True,scattered light
1266993,c4d_240112_072903_ooi_r_ls11,V5.5.2LS,Telescope_Moving,False,,False,,True,ghost
1267847,c4d_240115_074256_ooi_g_ls11,V5.5.2LS,Ghost_Scatter,False,,False,,True,trail
1270142,c4d_240121_004556_ooi_z_v1,V5.5.2,NObjects,True,transparency,False,,True,cloud
819786,c4d_190205_020031_ooi_r_ls11,V5.5.2LS,Ghost_Scatter,True,transparency; sky background,False,,False,
820117,c4d_190206_031528_ooi_r_ls11,V5.5.2LS,Ghost_Scatter,True,transparency; sky background,False,,False,
820489,c4d_190207_034222_ooi_r_ls11,V5.5.2LS,Ghost_Scatter,True,transparency,False,,False,
820517,c4d_190207_043749_ooi_r_ls11,V5.5.2LS,Ghost_Scatter,True,transparency,False,,False,
820523,c4d_190207_044941_ooi_r_ls11,V5.5.2LS,Ghost_Scatter,True,transparency,False,,False,
829684,c4d_190304_011553_ooi_g_ls9,V4.8.2a,PSF,True,ghost,False,,False,
857849,c4d_190514_065136_ooi_g_ls11,V5.5.2LS,PSF,True,"ghost, sky, transparency",False,,False,
862185,c4d_190605_055332_ooi_g_v1,V4.8.1,Ghost_Scatter,True,transparency,False,,False,
862186,c4d_190605_055531_ooi_g_v1,V4.8.1,Ghost_Scatter,True,transparency,False,,False,
862189,c4d_190605_060128_ooi_g_v1,V4.8.1,Ghost_Scatter,True,transparency,False,,False,
862193,c4d_190605_061434_ooi_g_v1,V4.8.1,PSF,True,transparency,False,,False,
862194,c4d_190605_061632_ooi_g_v1,V4.8.1,PSF,True,transparency,False,,False,
862218,c4d_190605_070432_ooi_g_v1,V4.8.1,Ghost_Scatter,True,transparency,False,,False,
862223,c4d_190605_071437_ooi_g_v1,V4.8.1,PSF,True,transparency,False,,False,
862227,c4d_190605_072234_ooi_g_v1,V4.8.1,PSF,True,transparency,False,,False,
862228,c4d_190605_072432_ooi_g_v1,V4.8.1,PSF,True,transparency,False,,False,
862235,c4d_190605_073835_ooi_g_v1,V4.8.1,PSF,True,transparency,False,,False,
862238,c4d_190605_074431_ooi_g_v1,V4.8.1,Ghost_Scatter,True,transparency,False,,False,
862248,c4d_190605_080501_ooi_g_v1,V4.8.1,PSF,True,transparency,False,,False,
862249,c4d_190605_080700_ooi_g_v1,V4.8.1,PSF,True,transparency,False,,False,
862673,c4d_190606_072515_ooi_g_v1,V4.8.1,"Clouds_transparency,Ghost_Scatter,PSF",True,transparency,False,,False,
862677,c4d_190606_073337_ooi_g_v1,V4.8.1,Ghost_Scatter,True,transparency,False,,False,
879913,c4d_190729_012532_ooi_i_v1,V4.8.2a,Clouds_transparency,True,glowing edges; near saturation or flat field issue?,False,,False,
879914,c4d_190729_012734_ooi_r_v1,V4.8.2a,Clouds_transparency,True,glowing edges; amplifier offsets,False,,False,
881323,c4d_190801_004450_ooi_r_v1,V4.8.2a,Clouds_transparency,True,flat fielding?,False,,False,
881334,c4d_190801_010746_ooi_i_v1,V4.8.2a,Ghost_Scatter,True,transparency,False,,False,
881335,c4d_190801_010945_ooi_i_v1,V4.8.2a,Ghost_Scatter,True,transparency,False,,False,
881340,c4d_190801_012004_ooi_i_v1,V4.8.2a,Ghost_Scatter,True,transparency,False,,False,
881343,c4d_190801_012602_ooi_i_v1,V4.8.2a,Telescope_Moving,True,transparency,False,,False,
881356,c4d_190801_015221_ooi_i_v1,V4.8.2a,"Clouds_transparency,Out_of_focus",True,transparency; glowing edges,False,,False,
881357,c4d_190801_015419_ooi_r_v1,V4.8.2a,Clouds_transparency,True,transparency; amplifier offset,False,,False,
881391,c4d_190801_030207_ooi_r_v1,V4.8.2a,Clouds_transparency,True,transparency; amplifier offset,False,,False,
881395,c4d_190801_031004_ooi_r_v1,V4.8.2a,Clouds_transparency,True,transparency; amplifier offset,False,,False,
881405,c4d_190801_033002_ooi_r_v1,V4.8.2a,Clouds_transparency,True,transparency,False,,False,
881412,c4d_190801_034357_ooi_i_v1,V4.8.2a,Nonoptimal_exp,True,transparency; sky background,False,,False,
881437,c4d_190801_043400_ooi_i_v1,V4.8.2a,Clouds_transparency,True,transparency; glowing edges,False,,False,
881462,c4d_190801_052347_ooi_i_v1,V4.8.2a,Clouds_transparency,True,amplifier offset; glowing edges,False,,False,
881463,c4d_190801_052544_ooi_r_v1,V4.8.2a,Clouds_transparency,True,amplifier offset; glowing edges,False,,False,
881464,c4d_190801_052744_ooi_i_v1,V4.8.2a,Clouds_transparency,True,amplifier offset; glowing edges,False,,False,
881465,c4d_190801_052944_ooi_r_v1,V4.8.2a,Clouds_transparency,True,amplifier offset; glowing edges,False,,False,
881466,c4d_190801_053142_ooi_i_v1,V4.8.2a,Clouds_transparency,True,transparency; saturation,False,,False,
881499,c4d_190801_093948_ooi_g_v1,V4.8.2a,PSF,True,amplifier offset,False,,False,
881501,c4d_190801_094355_ooi_g_v1,V4.8.2a,PSF,True,amplifier offset,False,,False,
881503,c4d_190801_094752_ooi_g_v1,V4.8.2a,PSF,True,amplifier offset,False,,False,
881505,c4d_190801_095150_ooi_g_v1,V4.8.2a,PSF,True,amplifier offset,False,,False,
881507,c4d_190801_095548_ooi_g_v1,V4.8.2a,PSF,True,amplifier offset,False,,False,
881509,c4d_190801_095945_ooi_g_v1,V4.8.2a,PSF,True,amplifier offset,False,,False,
881511,c4d_190801_100404_ooi_g_v1,V4.8.2a,PSF,True,amplifier offset,False,,False,
881512,c4d_190801_100609_ooi_g_v1,V4.8.2a,PSF,True,amplifier offset,False,,False,
881513,c4d_190801_100807_ooi_g_v1,V4.8.2a,PSF,True,amplifier offset,False,,False,
886802,c4d_190815_015847_ooi_z_v1,V4.8.2a,NObjects,True,glowing edges,False,,False,
888114,c4d_190819_013031_ooi_r_v1,V4.8.2a,Telescope_Moving,True,transparency,False,,False,
906286,c4d_191106_001359_ooi_i_v1,V4.8.2a,Ghost_Scatter,True,glowing edges,False,,False,
906288,c4d_191106_001757_ooi_i_v1,V4.8.2a,Ghost_Scatter,True,glowing edges,False,,False,
906311,c4d_191106_010530_ooi_i_v1,V4.8.2a,Ghost_Scatter,True,glowing edges,False,,False,
906331,c4d_191106_014828_ooi_i_v1,V4.8.2a,Ghost_Scatter,True,glowing edges,False,,False,
906335,c4d_191106_015631_ooi_i_v1,V4.8.2a,Ghost_Scatter,True,glowing edges,False,,False,
906337,c4d_191106_020033_ooi_i_v1,V4.8.2a,Ghost_Scatter,True,glowing edges,False,,False,
906342,c4d_191106_021106_ooi_i_v1,V4.8.2a,Ghost_Scatter,True,glowing edges,False,,False,
906430,c4d_191106_061932_ooi_i_v1,V4.8.2a,Ghost_Scatter,True,glowing edges,False,,False,
925203,c4d_200106_070419_ooi_g_v1,V4.8.2a,Bad_CCD,True,ghost,False,,False,
927291,c4d_200128_063039_ooi_g_v1,V4.8.2a,"Clouds_transparency,Nonoptimal_exp",True,pupil ghost?,False,,False,
927292,c4d_200128_063236_ooi_g_v1,V4.8.2a,Nonoptimal_exp,True,transparency,False,,False,
927545,c4d_200129_071345_ooi_g_v1,V4.8.2a,Nonoptimal_exp,True,multiple amplifier offsets,False,,False,
927559,c4d_200129_074557_ooi_g_v1,V4.8.2a,Nonoptimal_exp,True,multiple amplifier offsets,False,,False,
930303,c4d_200205_071902_ooi_g_v1,V4.8.2a,Telescope_Moving,True,telescop moving,False,,False,
